"1"	"PENELOPE"	"GUINESS"	"Animation: ANACONDA CONFESSIONS; Children: LANGUAGE COWBOY; Classics: COLOR PHILADELPHIA, WESTWARD SEABISCUIT; Comedy: VERTIGO NORTHWEST; Documentary: ACADEMY DINOSAUR; Family: KING EVOLUTION, SPLASH GUMP; Foreign: MULHOLLAND BEAST; Games: BULWORTH COMMANDMENTS, HUMAN GRAFFITI; Horror: ELEPHANT TROJAN, LADY STAGE, RULES HUMAN; Music: WIZAR"
"2"	"NICK"	"WAHLBERG"	"Action: BULL SHAWSHANK; Animation: FIGHT JAWBREAKER; Children: JERSEY SASSY; Classics: DRACULA CRYSTAL, GILBERT PELICAN; Comedy: MALLRATS UNITED, RUSHMORE MERMAID; Documentary: ADAPTATION HOLES; Drama: WARDROBE PHANTOM; Family: APACHE DIVINE, CHISUM BEHAVIOR, INDIAN LOVE, MAGUIRE APACHE; Foreign: BABY HALL, HAPPINESS UNITED; Games: ROOF CH"
"3"	"ED"	"CHASE"	"Action: CADDYSHACK JEDI, FORREST SONS; Classics: FROST HEAD, JEEPERS WEDDING; Documentary: ARMY FLINTSTONES, FRENCH HOLIDAY, HALLOWEEN NUTS, HUNTER ALTER, WEDDING APOLLO, YOUNG LANGUAGE; Drama: LUCK OPUS, NECKLACE OUTBREAK, SPICE SORORITY; Foreign: COWBOY DOOM, WHALE BIKINI; Music: ALONE TRIP; New: EVE RESURRECTION, PLATOON INSTINCT; Sci-F"
"4"	"JENNIFER"	"DAVIS"	"Action: BAREFOOT MANCHURIAN; Animation: ANACONDA CONFESSIONS, GHOSTBUSTERS ELF; Comedy: SUBMARINE BED; Documentary: BED HIGHBALL, NATIONAL STORY, RAIDERS ANTITRUST; Drama: BLADE POLISH, GREEDY ROOTS; Family: SPLASH GUMP; Horror: TREASURE COMMAND; Music: HANOVER GALAXY, REDS POCUS; New: ANGELS LIFE, JUMANJI BLADE, OKLAHOMA JUMANJI; Sci-Fi: "
"5"	"JOHNNY"	"LOLLOBRIGIDA"	"Action: AMADEUS HOLY, GRAIL FRANKENSTEIN, RINGS HEARTBREAKERS; Animation: SUNRISE LEAGUE; Children: HALL CASSIDY; Comedy: DADDY PITTSBURGH; Documentary: BONNIE HOLOCAUST, METAL ARMAGEDDON, PACIFIC AMISTAD, POCUS PULP; Drama: CHITTY LOCK, CONEHEADS SMOOCHY; Games: FIRE WOLVES; Horror: COMMANDMENTS EXPRESS, LOVE SUICIDES, PATTON INTERVIEW; M"
"6"	"BETTE"	"NICHOLSON"	"Action: ANTITRUST TOMATOES; Animation: BIKINI BORROWERS, CROSSROADS CASUALTIES, POTLUCK MIXED, TITANIC BOONDOCK; Children: LANGUAGE COWBOY; Classics: BEAST HUNCHBACK; Documentary: COAST RAINBOW; Family: BANG KWAI; Foreign: CALENDAR GUNFIGHT, MULHOLLAND BEAST; New: WYOMING STORM; Sci-Fi: COLDBLOODED DARLING; Sports: DROP WATERFRONT, KRAMER "
"7"	"GRACE"	"MOSTEL"	"Action: BERETS AGENT, EXCITEMENT EVE; Animation: SLEEPLESS MONSOON, TRACY CIDER; Children: WARLOCK WEREWOLF; Classics: MALKOVICH PET, OCTOBER SUBMARINE; Drama: CONFESSIONS MAGUIRE, DECEIVER BETRAYED, DESTINATION JERK, NECKLACE OUTBREAK, SAINTS BRIDE, SAVANNAH TOWN, TREATMENT JEKYLL; Foreign: COMMAND DARLING, HELLFIGHTERS SIERRA, SCISSORHAN"
"8"	"MATTHEW"	"JOHANSSON"	"Action: CAMPUS REMEMBER, DANCES NONE; Animation: SUGAR WONKA; Classics: LIGHTS DEER, MALKOVICH PET, TOMORROW HUSTLER; Drama: CONQUERER NUTS, HANGING DEEP, SCORPION APOLLO; Family: INDIAN LOVE; Foreign: BABY HALL, SCHOOL JACKET; Music: CLONES PINOCCHIO, DRIVING POLISH, RUNNER MADIGAN, VANISHING ROCKY; New: FLASH WARS; Sci-Fi: CROWDS TELEMAR"
"9"	"JOE"	"SWANK"	"Action: PRIMARY GLASS, WATERFRONT DELIVERANCE; Animation: LAWLESS VISION, SUNRISE LEAGUE; Children: CROOKED FROGMEN, SWEETHEARTS SUSPECTS, TIES HUNGER; Classics: SNATCHERS MONTEZUMA; Documentary: MAJESTIC FLOATS, PACIFIC AMISTAD, UNTOUCHABLES SUNRISE; Drama: DALMATIONS SWEDEN, LEBOWSKI SOLDIERS; Family: CHOCOLAT HARRY; Foreign: CHOCOLATE D"
"10"	"CHRISTIAN"	"GABLE"	"Action: LORD ARIZONA, WATERFRONT DELIVERANCE; Animation: PUNK DIVORCE; Children: CROOKED FROGMEN; Classics: JEEPERS WEDDING, PREJUDICE OLEANDER; Comedy: LIFE TWISTED; Documentary: ACADEMY DINOSAUR, MOD SECRETARY, WEDDING APOLLO; Drama: GOLDFINGER SENSIBILITY; Foreign: USUAL UNTOUCHABLES; Games: DIVINE RESURRECTION; Horror: ALABAMA DEVIL, R"
"11"	"ZERO"	"CAGE"	"Action: DANCES NONE, HANDICAP BOONDOCK, STORY SIDE; Animation: CANYON STOCK, HORN WORKING; Children: JERSEY SASSY, TOOTSIE PILOT, UPTOWN YOUNG; Comedy: VELVET TERMINATOR; Documentary: MOD SECRETARY, THIN SAGEBRUSH; Drama: RACER EGG, WEST LION; Family: GANDHI KWAI; Foreign: MEET CHOCOLATE; Games: ENCINO ELF, MOONWALKER FOOL; Horror: STRANGE"
"12"	"KARL"	"BERRY"	"Action: STAGECOACH ARMAGEDDON; Animation: DARES PLUTO, DOORS PRESIDENT, TELEMARK HEARTBREAKERS; Children: FURY MURDER; Classics: ARIZONA BANG, BOUND CHEAPER; Comedy: PERFECT GROOVE, SWEDEN SHINING; Documentary: HARDLY ROBBERS, INDEPENDENCE HOTEL, SMOKING BARBARELLA, VIRGINIAN PLUTO; Drama: BUNCH MINDS, REUNION WITCHES; Family: DATE SPEED; "
"13"	"UMA"	"WOOD"	"Action: ANTITRUST TOMATOES, CLUELESS BUCKET; Animation: CLASH FREDDY, INCH JET, SNOWMAN ROLLERCOASTER; Children: CABIN FLASH, LEGALLY SECRETARY, MODEL FISH, SPLENDOR PATTON; Classics: GALAXY SWEETHEARTS, STEEL SANTA; Comedy: GROUNDHOG UNCUT, LIFE TWISTED, LION UNCUT; Documentary: HOMEWARD CIDER, METAL ARMAGEDDON, WEDDING APOLLO; Drama: TOR"
"14"	"VIVIEN"	"BERGEN"	"Action: DRIFTER COMMANDMENTS, EXCITEMENT EVE, HILLS NEIGHBORS; Animation: CLASH FREDDY, DONNIE ALLEY; Children: GORGEOUS BINGO, POLISH BROOKLYN; Classics: LOVELY JINGLE, LOVER TRUMAN, WESTWARD SEABISCUIT; Drama: HOBBIT ALIEN; Foreign: TRAP GUYS; Games: DIRTY ACE, TYCOON GATHERING; Horror: DRUMS DYNAMITE, HIGH ENCINO, JAPANESE RUN, KENTUCKI"
"15"	"CUBA"	"OLIVIER"	"Action: MONTEZUMA COMMAND, WEREWOLF LOLA; Animation: BORROWERS BEDAZZLED, FLYING HOOK, LUKE MUMMY, THEORY MERMAID; Children: EMPIRE MALKOVICH, MAKER GABLES, NOON PAPI; Classics: BOUND CHEAPER, HYDE DOCTOR; Comedy: KNOCK WARLOCK; Family: APACHE DIVINE, SIEGE MADRE; Foreign: HELLFIGHTERS SIERRA, KISS GLORY; Games: DIVINE RESURRECTION, VOLCAN"
"16"	"FRED"	"COSTNER"	"Action: EASY GLADIATOR, ENTRAPMENT SATISFACTION, REAR TRADING; Animation: CAROL TEXAS, INCH JET, MIRACLE VIRTUAL, MISSION ZOOLANDER, THEORY MERMAID; Children: EMPIRE MALKOVICH; Classics: MAGNIFICENT CHITTY; Documentary: BROTHERHOOD BLANKET, DELIVERANCE MULHOLLAND; Drama: DECEIVER BETRAYED, SAINTS BRIDE; Family: BLANKET BEVERLY, EARRING INS"
"17"	"HELEN"	"VOIGHT"	"Action: SIDE ARK; Animation: CLASH FREDDY, TELEMARK HEARTBREAKERS; Children: CASPER DRAGONFLY, EMPIRE MALKOVICH, LEGALLY SECRETARY, MICROCOSMOS PARADISE, STRANGER STRANGERS, SWEETHEARTS SUSPECTS, WARLOCK WEREWOLF; Classics: IRON MOON, TADPOLE PARK; Comedy: CAPER MOTIONS, CAT CONEHEADS, JAWS HARRY; Documentary: CUPBOARD SINNERS, INDEPENDENC"
"18"	"DAN"	"TORN"	"Action: REAR TRADING; Animation: EARLY HOME; Children: EMPIRE MALKOVICH, TEQUILA PAST; Classics: JERK PAYCHECK, LOVELY JINGLE, SLING LUKE; Drama: CONEHEADS SMOOCHY, VIRGIN DAISY; Foreign: INNOCENT USUAL; Games: STATE WASTELAND; Music: INSIDER ARIZONA; New: CHINATOWN GLADIATOR, FLASH WARS, MASK PEACH; Sci-Fi: ATTACKS HATE, SUN CONFESSIONS; "
"19"	"BOB"	"FAWCETT"	"Action: DARN FORRESTER; Animation: DARES PLUTO, LAWLESS VISION, OSCAR GOLD; Children: CIRCUS YOUTH; Classics: DYNAMITE TARZAN; Comedy: CONTROL ANTHEM, HATE HANDICAP, SADDLE ANTITRUST; Documentary: ADAPTATION HOLES, PELICAN COMFORTS; Drama: JACKET FRISCO, SCORPION APOLLO; Family: HOMICIDE PEACH; Games: DAZED PUNK; Horror: ACE GOLDFINGER; Mu"
"20"	"LUCILLE"	"TRACY"	"Action: REAR TRADING; Animation: DOORS PRESIDENT; Classics: HYDE DOCTOR, PAJAMA JAWBREAKER, PATIENT SISTER, WASTELAND DIVINE; Comedy: JAWS HARRY; Documentary: ACADEMY DINOSAUR, EGG IGBY, MODERN DORADO, SAGEBRUSH CLUELESS; Drama: CHITTY LOCK, GOLDFINGER SENSIBILITY, ORIENT CLOSER; Family: BEDAZZLED MARRIED, DINOSAUR SECRETARY, EARRING INSTI"
"21"	"KIRSTEN"	"PALTROW"	"Action: DRIFTER COMMANDMENTS, LORD ARIZONA; Animation: THIEF PELICAN; Comedy: CLOSER BANG, PINOCCHIO SIMON; Documentary: CHICKEN HELLFIGHTERS, KILL BROTHERHOOD, ROAD ROXANNE; Drama: CONQUERER NUTS; Family: PRIX UNDEFEATED; Foreign: AGENT TRUMAN; Games: ENCINO ELF, LADYBUGS ARMAGEDDON; Horror: PULP BEVERLY, SLEEPING SUSPECTS; Music: HANOVER"
"22"	"ELVIS"	"MARX"	"Action: BAREFOOT MANCHURIAN, CADDYSHACK JEDI, SKY MIRACLE, WATERFRONT DELIVERANCE; Animation: ANACONDA CONFESSIONS, BORROWERS BEDAZZLED, GANGS PRIDE, HOOK CHARIOTS; Children: JUMPING WRATH, POLISH BROOKLYN; Classics: LOVELY JINGLE, RIGHT CRANES; Drama: CHITTY LOCK, HOBBIT ALIEN, SEATTLE EXPECATIONS; Family: ODDS BOOGIE; Games: JERICHO MULA"
"23"	"SANDRA"	"KILMER"	"Action: BULL SHAWSHANK, DARN FORRESTER, MAGNOLIA FORRESTER; Animation: BLACKOUT PRIVATE, OZ LIAISONS, SONS INTERVIEW; Children: GORGEOUS BINGO, JUMPING WRATH, SPLENDOR PATTON, STRANGER STRANGERS; Classics: CANDIDATE PERDITION, LOVELY JINGLE; Documentary: STREAK RIDGEMONT; Drama: SAVANNAH TOWN; Family: HOCUS FRIDA; Foreign: AGENT TRUMAN, HE"
"24"	"CAMERON"	"STREEP"	"Action: CASUALTIES ENCINO, CROW GREASE; Children: LEGALLY SECRETARY; Comedy: CONNECTION MICROCOSMOS, DOOM DANCING, FREEDOM CLEOPATRA, PURE RUNNER; Documentary: ADAPTATION HOLES, COAST RAINBOW, CUPBOARD SINNERS; Drama: MOB DUFFEL, WEST LION; Family: BLUES INSTINCT, MOVIE SHAKESPEARE, SPINAL ROCKY, SPLASH GUMP; Foreign: CALENDAR GUNFIGHT, CH"
"25"	"KEVIN"	"BLOOM"	"Action: AMERICAN CIRCUS, PRIMARY GLASS; Animation: DOUBLE WRATH, MASSAGE IMAGE, MISSION ZOOLANDER; Children: POLISH BROOKLYN, SABRINA MIDNIGHT; Comedy: HATE HANDICAP, SWEDEN SHINING; Drama: CONQUERER NUTS, DALMATIONS SWEDEN; Family: DATE SPEED; Foreign: FICTION CHRISTMAS; Music: BOOGIE AMELIE, HEAVENLY GUN; New: DESTINY SATURDAY, LOVERBOY "
"26"	"RIP"	"CRAWFORD"	"Action: AMERICAN CIRCUS, FOOL MOCKINGBIRD, FORREST SONS, RINGS HEARTBREAKERS; Animation: DONNIE ALLEY, MASSAGE IMAGE, OSCAR GOLD; Children: HALL CASSIDY, POLISH BROOKLYN; Comedy: LONELY ELEPHANT, TRAMP OTHERS; Documentary: MADISON TRAP; Drama: CRAFT OUTFIELD, DESTINATION JERK, SAINTS BRIDE; Family: CHOCOLAT HARRY, GABLES METROPOLIS, PITTSB"
"27"	"JULIA"	"MCQUEEN"	"Action: AMADEUS HOLY, MOCKINGBIRD HOLLYWOOD; Animation: SLEEPLESS MONSOON, TELEMARK HEARTBREAKERS, WONKA SEA; Children: SWEETHEARTS SUSPECTS, TIES HUNGER; Documentary: BONNIE HOLOCAUST, CIDER DESIRE, YOUNG LANGUAGE; Drama: CONEHEADS SMOOCHY, SCORPION APOLLO; Family: EFFECT GLADIATOR, GLADIATOR WESTWARD, PILOT HOOSIERS, PITTSBURGH HUNCHBACK"
"28"	"WOODY"	"HOFFMAN"	"Action: ENTRAPMENT SATISFACTION, MIDNIGHT WESTWARD, SHRUNK DIVINE; Animation: DUCK RACER, ROOM ROMAN, SNOWMAN ROLLERCOASTER, WAIT CIDER; Classics: ALICE FANTASIA, GILMORE BOILED, PAJAMA JAWBREAKER; Comedy: KNOCK WARLOCK; Documentary: BEACH HEARTBREAKERS, WIFE TURN; Drama: BUNCH MINDS, SHOOTIST SUPERFLY, SPICE SORORITY; Family: ATLANTIS CAU"
"29"	"ALEC"	"WAYNE"	"Action: BULL SHAWSHANK; Children: CABIN FLASH, MAGIC MALLRATS, UPTOWN YOUNG; Classics: CENTER DINOSAUR, JEOPARDY ENCINO, SUMMER SCARFACE; Comedy: FREEDOM CLEOPATRA, HUSTLER PARTY; Documentary: SMOKING BARBARELLA; Drama: BLADE POLISH, CONEHEADS SMOOCHY, ENCOUNTERS CURTAIN, VIRGIN DAISY; Family: EFFECT GLADIATOR; Foreign: FICTION CHRISTMAS; "
"30"	"SANDRA"	"PECK"	"Action: EXCITEMENT EVE, FIREHOUSE VIETNAM, RINGS HEARTBREAKERS, STAGECOACH ARMAGEDDON; Classics: GILBERT PELICAN; Documentary: ACADEMY DINOSAUR, VIRGINIAN PLUTO; Drama: BEETHOVEN EXORCIST; Family: BANG KWAI, DUMBO LUST; Foreign: MATRIX SNOWMAN; Horror: FAMILY SWEET; Music: SILENCE KANE; New: BIRDS PERDITION, FLASH WARS; Sci-Fi: BEVERLY OUT"
"31"	"SISSY"	"SOBIESKI"	"Action: SHRUNK DIVINE, SKY MIRACLE; Animation: TELEMARK HEARTBREAKERS; Comedy: CRAZY HOME, FERRIS MOTHER, WISDOM WORKER; Documentary: COAST RAINBOW; Drama: CHITTY LOCK, GONE TROUBLE, MOB DUFFEL, ROCKY WAR; Family: PRIX UNDEFEATED; Foreign: GREEK EVERYONE, HOOSIERS BIRDCAGE; New: CLYDE THEORY; Sci-Fi: OPEN AFRICAN; Travel: BORN SPINAL, FACT"
"32"	"TIM"	"HACKMAN"	"Animation: PACKER MADIGAN; Children: UPTOWN YOUNG; Classics: LIGHTS DEER, SNATCHERS MONTEZUMA; Documentary: CUPBOARD SINNERS, DEEP CRUSADE, HOMEWARD CIDER; Drama: HAROLD FRENCH, MOB DUFFEL; Family: FEUD FROGMEN; Foreign: CALENDAR GUNFIGHT, HOOSIERS BIRDCAGE, MEET CHOCOLATE, PEARL DESTINY; Horror: BEHAVIOR RUNAWAY; Music: WIZARD COLDBLOODED"
"33"	"MILLA"	"PECK"	"Action: BAREFOOT MANCHURIAN, DREAM PICKUP, MIDNIGHT WESTWARD; Animation: CLASH FREDDY, JUGGLER HARDLY; Children: DAUGHTER MADIGAN, ROBBERS JOON, WRONG BEHAVIOR; Classics: PREJUDICE OLEANDER; Comedy: RUSHMORE MERMAID; Documentary: RAIDERS ANTITRUST; Drama: JACKET FRISCO, NECKLACE OUTBREAK, SEATTLE EXPECATIONS; Foreign: CALENDAR GUNFIGHT; Ga"
"34"	"AUDREY"	"OLIVIER"	"Action: SIDE ARK; Children: STRANGER STRANGERS; Classics: LOATHING LEGALLY, VOLUME HOUSE; Comedy: CAPER MOTIONS, CONTROL ANTHEM, KNOCK WARLOCK; Documentary: FRENCH HOLIDAY, HALLOWEEN NUTS, SHIP WONDERLAND; Drama: CONEHEADS SMOOCHY; Family: ATLANTIS CAUSE; Foreign: KANE EXORCIST, USUAL UNTOUCHABLES, WHALE BIKINI; Games: HUMAN GRAFFITI; Musi"
"35"	"JUDY"	"DEAN"	"Action: QUEST MUSSOLINI, RINGS HEARTBREAKERS, RUGRATS SHAKESPEARE; Animation: NASH CHOCOLAT; Documentary: MODERN DORADO; Foreign: BALLROOM MOCKINGBIRD, CYCLONE FAMILY, ROCKETEER MOTHER; Horror: ARACHNOPHOBIA ROLLERCOASTER; Sci-Fi: SOLDIERS EVOLUTION; Sports: ALADDIN CALENDAR, DROP WATERFRONT, GUNFIGHTER MUSSOLINI, MUSSOLINI SPOILERS; Trave"
"36"	"BURT"	"DUKAKIS"	"Action: TRUMAN CRAZY; Animation: DOUBLE WRATH, MENAGERIE RUSHMORE; Classics: JERK PAYCHECK, RIGHT CRANES; Comedy: HEAVEN FREEDOM; Documentary: HOMEWARD CIDER, INTOLERABLE INTENTIONS; Family: DINOSAUR SECRETARY, KING EVOLUTION, RANGE MOONWALKER; Foreign: ALIEN CENTER, GREEK EVERYONE, KANE EXORCIST; Games: GRINCH MASSAGE, GUN BONNIE, WANDA C"
"37"	"VAL"	"BOLGER"	"Action: AMADEUS HOLY, DRIFTER COMMANDMENTS, PRIMARY GLASS; Animation: CANYON STOCK, WATCH TRACY; Children: JERSEY SASSY, MAKER GABLES, MODEL FISH, STRANGER STRANGERS; Classics: PATIENT SISTER, PREJUDICE OLEANDER; Comedy: CAPER MOTIONS, FIREBALL PHILADELPHIA, LONELY ELEPHANT, MALLRATS UNITED; Documentary: UNITED PILOT, WEDDING APOLLO; Drama"
"38"	"TOM"	"MCKELLEN"	"Action: CADDYSHACK JEDI, KISSING DOLLS, SHRUNK DIVINE; Animation: CLUB GRAFFITI, DESIRE ALIEN, DONNIE ALLEY, MISSION ZOOLANDER; Children: IDOLS SNATCHERS, MAGIC MALLRATS, STRANGER STRANGERS; Comedy: FREEDOM CLEOPATRA; Documentary: EGG IGBY; Drama: NECKLACE OUTBREAK, SPICE SORORITY; Family: INDIAN LOVE; Foreign: GENTLEMEN STAGE, PURPLE MOVI"
"39"	"GOLDIE"	"BRODY"	"Animation: INCH JET, PRIDE ALAMO, PUNK DIVORCE; Children: COMANCHEROS ENEMY; Classics: HOLY TADPOLE, SNATCHERS MONTEZUMA; Documentary: MOD SECRETARY; Drama: PITY BOUND, SEA VIRGIN; Family: BILKO ANONYMOUS, JASON TRAP, PRIX UNDEFEATED, ROBBERY BRIGHT; Foreign: EVERYONE CRAFT, HOOSIERS BIRDCAGE, POLLOCK DELIVERANCE; Horror: DESERT POSEIDON, "
"40"	"JOHNNY"	"CAGE"	"Action: SUSPECTS QUILLS; Animation: DESIRE ALIEN, FLYING HOOK, THIEF PELICAN; Classics: ROOTS REMEMBER; Comedy: RUSHMORE MERMAID, VELVET TERMINATOR; Documentary: ACADEMY DINOSAUR, INTOLERABLE INTENTIONS; Drama: BUNCH MINDS, HANGING DEEP, LIES TREATMENT; Foreign: ALAMO VIDEOTAPE, CATCH AMISTAD; Games: ROXANNE REBEL, SPY MILE; Horror: ARABIA"
"41"	"JODIE"	"DEGENERES"	"Action: CROW GREASE, DARN FORRESTER, DREAM PICKUP; Classics: BEAST HUNCHBACK, DRACULA CRYSTAL; Comedy: CLOSER BANG, PARADISE SABRINA; Documentary: CIDER DESIRE, FRENCH HOLIDAY, MADISON TRAP; Drama: DIARY PANIC, VIETNAM SMOOCHY; Family: REMEMBER DIARY; Foreign: BROOKLYN DESERT, PET HAUNTING; Games: MOONSHINE CABIN; Horror: AFFAIR PREJUDICE,"
"42"	"TOM"	"MIRANDA"	"Animation: SUNRISE LEAGUE; Children: LABYRINTH LEAGUE; Comedy: KNOCK WARLOCK, MEMENTO ZOOLANDER, VALLEY PACKER; Documentary: POCUS PULP, RAINBOW SHOCK; Drama: TRANSLATION SUMMER; Family: CHASING FIGHT, FEUD FROGMEN, SUPER WYOMING; Foreign: KISS GLORY, ROCKETEER MOTHER; Games: MADRE GABLES, SUIT WALLS; Horror: ANALYZE HOOSIERS, LOLA AGENT, "
"43"	"KIRK"	"JOVOVICH"	"Action: AMADEUS HOLY, BAREFOOT MANCHURIAN, BULL SHAWSHANK; Animation: BORROWERS BEDAZZLED, DOGMA FAMILY, FORRESTER COMANCHEROS; Children: FURY MURDER, MURDER ANTITRUST, SPLENDOR PATTON; Classics: CONSPIRACY SPIRIT; Comedy: ELEMENT FREDDY, HEAVEN FREEDOM; Drama: SPICE SORORITY, WARDROBE PHANTOM; Family: CHOCOLAT HARRY, GLADIATOR WESTWARD, G"
"44"	"NICK"	"STALLONE"	"Action: SPEAKEASY DATE, WOMEN DORADO; Children: TEQUILA PAST, TOOTSIE PILOT; Comedy: DOOM DANCING, MULAN MOON; Documentary: BEACH HEARTBREAKERS, WAGON JAWS; Drama: VIRGIN DAISY; Family: BRAVEHEART HUMAN, EFFECT GLADIATOR; Games: MONSOON CAUSE, PRIVATE DROP; Horror: STRANGERS GRAFFITI, ZHIVAGO CORE; New: BUTTERFLY CHOCOLAT, JUMANJI BLADE, R"
"45"	"REESE"	"KILMER"	"Action: CAMPUS REMEMBER; Animation: ALTER VICTORY, FORRESTER COMANCHEROS, TRACY CIDER; Children: BENEATH RUSH; Classics: JERK PAYCHECK, LOVER TRUMAN, TOMORROW HUSTLER; Comedy: KNOCK WARLOCK, PINOCCHIO SIMON, WISDOM WORKER; Documentary: COAST RAINBOW, DEEP CRUSADE, HAWK CHILL, UNITED PILOT; Family: SECRETS PARADISE, SLUMS DUCK, WILLOW TRACY"
"46"	"PARKER"	"GOLDBERG"	"Action: ARK RIDGEMONT, WORST BANGER; Animation: INCH JET, SONS INTERVIEW; Children: SCARFACE BANG, TIES HUNGER; Classics: RIGHT CRANES; Comedy: JAWS HARRY; Documentary: HAWK CHILL; Drama: SAVANNAH TOWN; Family: SPINAL ROCKY; Foreign: MEET CHOCOLATE; Horror: SPIRIT FLINTSTONES; Music: BALLOON HOMEWARD, CONFIDENTIAL INTERVIEW, LUCKY FLYING, "
"47"	"JULIA"	"BARRYMORE"	"Action: BERETS AGENT; Animation: ARGONAUTS TOWN; Classics: JERK PAYCHECK; Comedy: GROUNDHOG UNCUT; Documentary: MIGHTY LUCK, PELICAN COMFORTS, ROAD ROXANNE, WIFE TURN; Drama: CONEHEADS SMOOCHY, SHOOTIST SUPERFLY, UNFAITHFUL KILL, VIRGIN DAISY; Family: BANG KWAI, EFFECT GLADIATOR; Foreign: SCISSORHANDS SLUMS; Games: LAMBS CINCINATTI; Horror"
"48"	"FRANCES"	"DAY-LEWIS"	"Action: ENTRAPMENT SATISFACTION; Animation: CHAMPION FLATLINERS, DOUBLE WRATH, GANGS PRIDE; Comedy: BRINGING HYSTERICAL; Documentary: BROTHERHOOD BLANKET, CIDER DESIRE, COAST RAINBOW, EXPENDABLE STALLION, SAGEBRUSH CLUELESS, UNTOUCHABLES SUNRISE; Family: FINDING ANACONDA, GABLES METROPOLIS, HOMICIDE PEACH; Foreign: MADNESS ATTACKS, PURPLE "
"49"	"ANNE"	"CRONYN"	"Action: DRAGON SQUAD, LUST LOCK, MINDS TRUMAN, UPRISING UPTOWN; Animation: HORN WORKING; Children: HOLLYWOOD ANONYMOUS; Classics: IRON MOON, REQUIEM TYCOON; Documentary: HARDLY ROBBERS, HAWK CHILL; Drama: ENCOUNTERS CURTAIN, PATHS CONTROL, RACER EGG; Family: APACHE DIVINE, GANDHI KWAI, HALF OUTFIELD; Foreign: DANGEROUS UPTOWN, MOON BUNCH; "
"50"	"NATALIE"	"HOPKINS"	"Action: CADDYSHACK JEDI, FANTASY TROOPERS, FOOL MOCKINGBIRD, HILLS NEIGHBORS, REAR TRADING, RINGS HEARTBREAKERS; Animation: DOORS PRESIDENT; Children: TWISTED PIRATES; Comedy: CONNECTION MICROCOSMOS, PERFECT GROOVE; Documentary: DOZEN LION, EGG IGBY, MAJESTIC FLOATS; Drama: HAROLD FRENCH, KWAI HOMEWARD, TORQUE BOUND; Family: HOUSE DYNAMITE"
"51"	"GARY"	"PHOENIX"	"Action: HANDICAP BOONDOCK; Animation: CAROL TEXAS, INSECTS STONE; Children: WRONG BEHAVIOR; Classics: LOATHING LEGALLY, TIMBERLAND SKY, TOMORROW HUSTLER; Documentary: NORTH TEQUILA, ROAD ROXANNE; Family: AFRICAN EGG, BEDAZZLED MARRIED; Foreign: CALENDAR GUNFIGHT; Games: HEAD STRANGER; Horror: ROCK INSTINCT, WORLD LEATHERNECKS; New: JUMANJI"
"52"	"CARMEN"	"HUNT"	"Action: PATRIOT ROMAN, TRUMAN CRAZY; Children: HOLOCAUST HIGHBALL, LEGALLY SECRETARY, ZOOLANDER FICTION; Classics: DRACULA CRYSTAL, FROST HEAD, VOYAGE LEGALLY; Comedy: GUNFIGHT MOON; Documentary: HAWK CHILL, SMOKING BARBARELLA; Foreign: GRAPES FURY, MIXED DOORS, POLLOCK DELIVERANCE; Games: MOONSHINE CABIN; Horror: BOWFINGER GABLES; Music: "
"53"	"MENA"	"TEMPLE"	"Action: CASUALTIES ENCINO, PRIMARY GLASS; Animation: EARLY HOME; Children: MICROCOSMOS PARADISE; Classics: GILMORE BOILED, REQUIEM TYCOON; Documentary: ACADEMY DINOSAUR, BEACH HEARTBREAKERS, MIGHTY LUCK; Family: RESURRECTION SILVERADO; Foreign: VISION TORQUE, WASH HEAVENLY; Games: ICE CROSSING, LAMBS CINCINATTI; Horror: ALABAMA DEVIL, CARR"
"54"	"PENELOPE"	"PINKETT"	"Action: EXCITEMENT EVE; Animation: JUGGLER HARDLY, LAWLESS VISION, OZ LIAISONS; Classics: CORE SUIT, WESTWARD SEABISCUIT; Comedy: LION UNCUT, RUSHMORE MERMAID, SUBMARINE BED; Documentary: CAUSE DATE, CIDER DESIRE; Family: GANDHI KWAI; Games: MADRE GABLES, STATE WASTELAND, SUIT WALLS; Horror: FAMILY SWEET, MOTIONS DETAILS, PARIS WEEKEND, WO"
"55"	"FAY"	"KILMER"	"Animation: WATCH TRACY; Children: JERSEY SASSY; Classics: SNATCHERS MONTEZUMA; Documentary: SECRET GROUNDHOG; Drama: HARRY IDAHO, RACER EGG, SHOOTIST SUPERFLY, SPICE SORORITY; Family: MOVIE SHAKESPEARE; Foreign: JET NEIGHBORS; Horror: AIRPORT POLLOCK; New: FLAMINGOS CONNECTICUT, FRONTIER CABIN; Sci-Fi: NEMO CAMPUS, VACATION BOONDOCK; Sport"
"56"	"DAN"	"HARRIS"	"Action: HILLS NEIGHBORS; Animation: TITANIC BOONDOCK; Children: GHOST GROUNDHOG; Classics: SUMMER SCARFACE; Documentary: INDEPENDENCE HOTEL; Drama: LIES TREATMENT, REUNION WITCHES; Family: BEDAZZLED MARRIED, SIEGE MADRE; Foreign: HOLIDAY GAMES, SCHOOL JACKET; Games: DIVINE RESURRECTION, SEVEN SWARM; Horror: MONTEREY LABYRINTH, WATERSHIP FR"
"57"	"JUDE"	"CRUISE"	"Action: QUEST MUSSOLINI, REAR TRADING; Animation: CHAMPION FLATLINERS; Children: STRANGELOVE DESIRE, TWISTED PIRATES; Classics: TIMBERLAND SKY; Comedy: FIREBALL PHILADELPHIA, KNOCK WARLOCK; Documentary: BROTHERHOOD BLANKET, HALLOWEEN NUTS; Family: DATE SPEED, HOUSE DYNAMITE; Foreign: ALLEY EVOLUTION, CROSSING DIVORCE, MULHOLLAND BEAST; Gam"
"58"	"CHRISTIAN"	"AKROYD"	"Action: HILLS NEIGHBORS, MAGNOLIA FORRESTER; Animation: DOORS PRESIDENT, LUKE MUMMY; Children: BACKLASH UNDEFEATED, BETRAYED REAR, MAKER GABLES, SABRINA MIDNIGHT; Classics: MILLION ACE; Comedy: CAPER MOTIONS, DOOM DANCING, OPERATION OPERATION, SUBMARINE BED; Documentary: CUPBOARD SINNERS, PRINCESS GIANT; Family: CONFUSED CANDLES; Foreign: "
"59"	"DUSTIN"	"TAUTOU"	"Action: CELEBRITY HORN, DARKO DORADO; Animation: CAROL TEXAS, DONNIE ALLEY, OSCAR GOLD; Children: STRANGER STRANGERS; Classics: PREJUDICE OLEANDER, SUMMER SCARFACE; Documentary: BILL OTHERS, CAUSE DATE, EXPENDABLE STALLION, PACIFIC AMISTAD, RAINBOW SHOCK, VILLAIN DESPERATE; Drama: HOBBIT ALIEN, SEA VIRGIN; Family: AFRICAN EGG, CONVERSATION"
"60"	"HENRY"	"BERRY"	"Action: DRIFTER COMMANDMENTS; Animation: DOGMA FAMILY, SLEEPLESS MONSOON, WONKA SEA; Children: HOLLYWOOD ANONYMOUS, UPTOWN YOUNG; Classics: EXTRAORDINARY CONQUERER; Comedy: RUSHMORE MERMAID; Documentary: BONNIE HOLOCAUST, CHICKEN HELLFIGHTERS, WAGON JAWS; Drama: CONQUERER NUTS, CRAFT OUTFIELD, SCORPION APOLLO; Family: APACHE DIVINE, DUMBO "
"61"	"CHRISTIAN"	"NEESON"	"Animation: HORN WORKING, OZ LIAISONS, PUNK DIVORCE; Children: HOLLYWOOD ANONYMOUS; Classics: LOVER TRUMAN; Drama: MOB DUFFEL, SAVANNAH TOWN; Family: OPPOSITE NECKLACE, SENSIBILITY REAR, SPLASH GUMP; Games: GLORY TRACY, LAMBS CINCINATTI; Horror: LOVE SUICIDES, WORLD LEATHERNECKS; Music: RUNNER MADIGAN, SCALAWAG DUCK; Sci-Fi: DIVIDE MONSTER,"
"62"	"JAYNE"	"NEESON"	"Action: GRAIL FRANKENSTEIN, QUEST MUSSOLINI; Children: POLISH BROOKLYN; Classics: HYDE DOCTOR, VOYAGE LEGALLY; Comedy: GROUNDHOG UNCUT, HEDWIG ALTER; Documentary: BROTHERHOOD BLANKET, CAUSE DATE, EXPENDABLE STALLION, HALLOWEEN NUTS, INDEPENDENCE HOTEL; Drama: EDGE KISSING; Family: DINOSAUR SECRETARY, HOMICIDE PEACH; Foreign: AGENT TRUMAN, "
"63"	"CAMERON"	"WRAY"	"Animation: CHAMPION FLATLINERS, DARES PLUTO; Children: HALL CASSIDY; Classics: DRACULA CRYSTAL, OCTOBER SUBMARINE; Comedy: VALLEY PACKER; Documentary: DOZEN LION, VIRGINIAN PLUTO; Drama: DESTINATION JERK, VIRGIN DAISY; Games: SEVEN SWARM; Music: ELF MURDER; Sci-Fi: BINGO TALENTED, TITANS JERK; Sports: LESSON CLEOPATRA, SATISFACTION CONFIDE"
"64"	"RAY"	"JOHANSSON"	"Animation: MENAGERIE RUSHMORE; Children: CASPER DRAGONFLY, EMPIRE MALKOVICH, STRANGELOVE DESIRE; Classics: ARIZONA BANG, IRON MOON, ISLAND EXORCIST, PREJUDICE OLEANDER; Comedy: FREEDOM CLEOPATRA; Documentary: ADAPTATION HOLES, NATIONAL STORY, UNITED PILOT; Family: GABLES METROPOLIS, MANCHURIAN CURTAIN, SPLASH GUMP; Games: MOONWALKER FOOL, "
"65"	"ANGELA"	"HUDSON"	"Action: BRIDE INTRIGUE, GOSFORD DONNIE; Animation: LUKE MUMMY, NASH CHOCOLAT; Children: JUMPING WRATH, ROBBERS JOON, STRANGELOVE DESIRE; Classics: ISLAND EXORCIST, PREJUDICE OLEANDER, VOYAGE LEGALLY; Comedy: ELEMENT FREDDY, VELVET TERMINATOR; Documentary: METAL ARMAGEDDON; Drama: PITY BOUND; Family: JASON TRAP; Games: AUTUMN CROW, BULWORTH"
"66"	"MARY"	"TANDY"	"Action: DEVIL DESIRE, PRIMARY GLASS, SHRUNK DIVINE, TRUMAN CRAZY; Animation: FALCON VOLUME; Children: HOLOCAUST HIGHBALL, MAKER GABLES, MURDER ANTITRUST, UPTOWN YOUNG, ZOOLANDER FICTION; Classics: REQUIEM TYCOON, VOYAGE LEGALLY; Comedy: SWEDEN SHINING; Documentary: WARS PLUTO; Drama: CHILL LUCK, DIARY PANIC, QUEEN LUKE; Family: SPINAL ROCK"
"67"	"JESSICA"	"BAILEY"	"Action: BERETS AGENT, TRUMAN CRAZY; Classics: LEAGUE HELLFIGHTERS, REQUIEM TYCOON, RIGHT CRANES; Comedy: DOOM DANCING; Documentary: MIGHTY LUCK, VIRGINIAN PLUTO; Drama: SAVANNAH TOWN; Foreign: RESERVOIR ADAPTATION; Games: HEAD STRANGER, SUIT WALLS; Horror: ANALYZE HOOSIERS, SWARM GOLD; Music: DORADO NOTTING, JAWBREAKER BROOKLYN; New: CHINA"
"68"	"RIP"	"WINSLET"	"Action: DANCES NONE; Animation: FLOATS GARDEN; Classics: GILBERT PELICAN; Documentary: KILL BROTHERHOOD, SPOILERS HELLFIGHTERS; Drama: HANGING DEEP, QUEEN LUKE; Family: DATE SPEED, FINDING ANACONDA; Foreign: GREEK EVERYONE, HOTEL HAPPINESS, MUPPET MILE, WHALE BIKINI; Games: DAWN POND, FORWARD TEMPLE, PANKY SUBMARINE, ROXANNE REBEL, STAMPED"
"69"	"KENNETH"	"PALTROW"	"Action: CADDYSHACK JEDI, EXCITEMENT EVE; Animation: FALCON VOLUME; Children: SANTA PARIS, SUNDANCE INVASION; Comedy: DADDY PITTSBURGH, LONELY ELEPHANT; Documentary: INTOLERABLE INTENTIONS, SHOW LORD; Drama: HANGING DEEP; Foreign: ALIEN CENTER, ILLUSION AMELIE; Games: DIVINE RESURRECTION, FEATHERS METAL; Horror: REEF SALUTE; Music: TAXI KIC"
"70"	"MICHELLE"	"MCCONAUGHEY"	"Action: SOUTH WAIT, SUSPECTS QUILLS, WATERFRONT DELIVERANCE; Animation: WAIT CIDER; Children: FARGO GANDHI, FULL FLATLINERS; Classics: DRACULA CRYSTAL, REQUIEM TYCOON; Comedy: DADDY PITTSBURGH; Documentary: INTOLERABLE INTENTIONS, SPOILERS HELLFIGHTERS; Drama: KWAI HOMEWARD; Family: BAKED CLEOPATRA, BANG KWAI; Foreign: EVERYONE CRAFT, HELL"
"71"	"ADAM"	"GRANT"	"Action: MIDNIGHT WESTWARD; Children: IDOLS SNATCHERS, SPLENDOR PATTON, TWISTED PIRATES; Classics: TADPOLE PARK; Comedy: FIREBALL PHILADELPHIA, GROUNDHOG UNCUT, OPERATION OPERATION; Family: GLADIATOR WESTWARD; Foreign: BALLROOM MOCKINGBIRD, HAPPINESS UNITED; Games: GLORY TRACY, MARS ROMAN, WANDA CHAMBER; Sci-Fi: ANNIE IDENTITY; Sports: LOSE"
"72"	"SEAN"	"WILLIAMS"	"Action: WATERFRONT DELIVERANCE; Animation: FLOATS GARDEN, ROOM ROMAN, SUNRISE LEAGUE; Children: IDOLS SNATCHERS; Classics: DRACULA CRYSTAL; Comedy: VELVET TERMINATOR; Documentary: SAGEBRUSH CLUELESS; Drama: WEST LION; Family: MAGUIRE APACHE; Foreign: NEWTON LABYRINTH, OPUS ICE; Games: FORWARD TEMPLE, WANDA CHAMBER; Horror: ARABIA DOGMA, PA"
"73"	"GARY"	"PENN"	"Action: QUEST MUSSOLINI, RUGRATS SHAKESPEARE, SOUTH WAIT; Animation: ARGONAUTS TOWN, DOUBLE WRATH; Classics: MAGNIFICENT CHITTY, VOLUME HOUSE; Documentary: NORTH TEQUILA; Drama: GREEDY ROOTS, PAYCHECK WAIT, SEA VIRGIN; Family: VIRTUAL SPOILERS; Foreign: CHOCOLATE DUCK, INTRIGUE WORST, MATRIX SNOWMAN; Horror: EGYPT TENENBAUMS, ZHIVAGO CORE;"
"74"	"MILLA"	"KEITEL"	"Children: NOON PAPI; Classics: JERK PAYCHECK, LOVER TRUMAN, PATIENT SISTER; Comedy: ANTHEM LUKE, PURE RUNNER; Documentary: SPOILERS HELLFIGHTERS; Family: NATURAL STOCK, SENSIBILITY REAR; Foreign: COWBOY DOOM, CROSSING DIVORCE; Games: CANDLES GRAPES, ROXANNE REBEL, WANDA CHAMBER; Horror: HIGH ENCINO, SLEEPING SUSPECTS; New: FLASH WARS, REDE"
"75"	"BURT"	"POSEY"	"Action: MINDS TRUMAN; Animation: LUKE MUMMY; Children: MAGIC MALLRATS; Classics: HYDE DOCTOR, ROOTS REMEMBER; Drama: CHILL LUCK; Family: KILLER INNOCENT, SENSIBILITY REAR; Foreign: COMMAND DARLING; Games: LAMBS CINCINATTI; Horror: ARABIA DOGMA, DESERT POSEIDON, FAMILY SWEET, SWARM GOLD; Music: ALASKA PHANTOM; New: HOURS RAGE, JUNGLE CLOSER"
"76"	"ANGELINA"	"ASTAIRE"	"Action: STORY SIDE; Animation: DESIRE ALIEN, INTENTIONS EMPIRE; Children: BENEATH RUSH, BETRAYED REAR; Classics: BEAST HUNCHBACK, SUMMER SCARFACE; Comedy: HUSTLER PARTY, MEMENTO ZOOLANDER, MULAN MOON, SATURN NAME; Documentary: PACIFIC AMISTAD; Drama: RACER EGG, WARDROBE PHANTOM; Family: GANDHI KWAI, KILLER INNOCENT, SUNSET RACER; Games: SE"
"77"	"CARY"	"MCCONAUGHEY"	"Animation: BLACKOUT PRIVATE, DOUBLE WRATH, WATCH TRACY; Children: FULL FLATLINERS, WRONG BEHAVIOR; Classics: PREJUDICE OLEANDER; Comedy: VELVET TERMINATOR; Documentary: ARMY FLINTSTONES, DUFFEL APOCALYPSE, VILLAIN DESPERATE; Drama: WEST LION; Family: HUNTING MUSKETEERS, INDIAN LOVE; Foreign: MAUDE MOD; Horror: ALI FOREVER, RULES HUMAN; New"
"78"	"GROUCHO"	"SINATRA"	"Action: LORD ARIZONA, MAGNOLIA FORRESTER, WEREWOLF LOLA; Animation: DOGMA FAMILY, TELEMARK HEARTBREAKERS, WATCH TRACY; Children: LABYRINTH LEAGUE, STRANGELOVE DESIRE; Comedy: DYING MAKER; Documentary: DUFFEL APOCALYPSE, HALLOWEEN NUTS, INDEPENDENCE HOTEL, MAJESTIC FLOATS, PELICAN COMFORTS; Family: HOMICIDE PEACH; Foreign: PET HAUNTING, POL"
"79"	"MAE"	"HOFFMAN"	"Action: DANCES NONE; Animation: HOOK CHARIOTS, TURN STAR; Children: STRANGER STRANGERS; Comedy: DOOM DANCING; Documentary: ARMY FLINTSTONES, SECRET GROUNDHOG, SHIP WONDERLAND; Drama: APOLLO TEEN, DIARY PANIC, JACKET FRISCO; Family: DUMBO LUST, EARRING INSTINCT, HOMICIDE PEACH, ODDS BOOGIE, RESURRECTION SILVERADO, RUSH GOODFELLAS; Foreign: "
"80"	"RALPH"	"CRUZ"	"Action: DARN FORRESTER; Animation: CANYON STOCK; Children: CASPER DRAGONFLY, EMPIRE MALKOVICH, FULL FLATLINERS, MAKER GABLES, POLISH BROOKLYN; Classics: FROST HEAD; Comedy: PINOCCHIO SIMON, SUBMARINE BED; Documentary: NEWSIES STORY, POCUS PULP, SHIP WONDERLAND, THIN SAGEBRUSH; Drama: RACER EGG, WITCHES PANIC; Family: CONFUSED CANDLES, DUMB"
"81"	"SCARLETT"	"DAMON"	"Action: CROW GREASE, MINDS TRUMAN; Animation: BORROWERS BEDAZZLED, EARLY HOME, MASSAGE IMAGE, POTLUCK MIXED; Children: BEAR GRACELAND, FARGO GANDHI, LABYRINTH LEAGUE, SANTA PARIS; Classics: MILLION ACE; Comedy: CONNECTION MICROCOSMOS, FRANKENSTEIN STRANGER, MYSTIC TRUMAN; Documentary: DEEP CRUSADE; Drama: CRAFT OUTFIELD, ORIENT CLOSER, SPI"
"82"	"WOODY"	"JOLIE"	"Action: SKY MIRACLE, STAGECOACH ARMAGEDDON, TRIP NEWTON; Children: FURY MURDER, INVASION CYCLONE; Classics: JEEPERS WEDDING; Comedy: CRAZY HOME, DOOM DANCING, DOWNHILL ENOUGH, WISDOM WORKER; Documentary: KILL BROTHERHOOD; Drama: APOLLO TEEN, CHILL LUCK; Foreign: BUGSY SONG, EVERYONE CRAFT; Games: FEATHERS METAL, FIRE WOLVES; Horror: LOLA A"
"83"	"BEN"	"WILLIS"	"Animation: CAROL TEXAS, EARLY HOME, NASH CHOCOLAT; Children: CABIN FLASH, SPLENDOR PATTON, SWEETHEARTS SUSPECTS; Classics: DRACULA CRYSTAL; Comedy: DOWNHILL ENOUGH, LONELY ELEPHANT, PERFECT GROOVE, VALLEY PACKER; Documentary: BEACH HEARTBREAKERS, HEAVYWEIGHTS BEAST; Foreign: BALLROOM MOCKINGBIRD; Games: DAZED PUNK, ENCINO ELF; New: FRONTIE"
"84"	"JAMES"	"PITT"	"Action: AMADEUS HOLY, MIDNIGHT WESTWARD; Animation: PUNK DIVORCE, THIEF PELICAN; Children: DOCTOR GRAIL, JUMPING WRATH; Classics: STEEL SANTA; Comedy: FIREBALL PHILADELPHIA, HEDWIG ALTER, LONELY ELEPHANT; Documentary: MODERN DORADO, NATIONAL STORY, YOUNG LANGUAGE; Family: CONFUSED CANDLES, JEDI BENEATH, WILLOW TRACY; Foreign: EVERYONE CRAF"
"85"	"MINNIE"	"ZELLWEGER"	"Action: SUSPECTS QUILLS; Animation: INSECTS STONE; Children: SANTA PARIS; Classics: ALICE FANTASIA, EXTRAORDINARY CONQUERER, TOMORROW HUSTLER; Comedy: JAWS HARRY, LIFE TWISTED; Documentary: BILL OTHERS, BONNIE HOLOCAUST, SMOKING BARBARELLA, WARS PLUTO; Drama: NOTTING SPEAKEASY; Foreign: CHOCOLATE DUCK, EVERYONE CRAFT, FRIDA SLIPPER, HOLIDA"
"86"	"GREG"	"CHAPLIN"	"Action: FANTASY TROOPERS; Classics: CRUELTY UNFORGIVEN, DRACULA CRYSTAL, HOPE TOOTSIE, JEOPARDY ENCINO, MAGNIFICENT CHITTY, SLING LUKE; Comedy: STRICTLY SCARFACE, TRAINSPOTTING STRANGERS; Drama: UNFAITHFUL KILL; Family: HALF OUTFIELD; Foreign: JET NEIGHBORS, NEWTON LABYRINTH, USUAL UNTOUCHABLES; Games: FORWARD TEMPLE; Music: OLEANDER CLUE,"
"87"	"SPENCER"	"PECK"	"Action: DRAGON SQUAD, DRIFTER COMMANDMENTS; Children: BACKLASH UNDEFEATED, CLOCKWORK PARADISE; Documentary: CUPBOARD SINNERS, WAGON JAWS; Drama: QUEEN LUKE; Family: PILOT HOOSIERS; Foreign: DANGEROUS UPTOWN, HOLIDAY GAMES, WASH HEAVENLY; Games: PANKY SUBMARINE; Horror: SPIRIT FLINTSTONES, SWARM GOLD; Music: CLUE GRAIL, REBEL AIRPORT, REDS "
"88"	"KENNETH"	"PESCI"	"Action: REAR TRADING, WEREWOLF LOLA; Animation: CROSSROADS CASUALTIES; Children: FARGO GANDHI; Foreign: CATCH AMISTAD, COMMAND DARLING, TRAP GUYS, USUAL UNTOUCHABLES; Horror: AFFAIR PREJUDICE, TEMPLE ATTRACTION; Music: BIRDCAGE CASPER, SONG HEDWIG; Sci-Fi: DISTURBING SCARFACE, MOURNING PURPLE, NEMO CAMPUS, STALLION SUNDANCE; Sports: PEAK F"
"89"	"CHARLIZE"	"DENCH"	"Action: CLUELESS BUCKET, DARN FORRESTER, LUST LOCK, PRIMARY GLASS; Animation: MASSAGE IMAGE; Children: SPLENDOR PATTON, SUNDANCE INVASION; Classics: DYNAMITE TARZAN, WESTWARD SEABISCUIT; Comedy: CONTROL ANTHEM, HEAVEN FREEDOM, LONELY ELEPHANT; Drama: JACKET FRISCO; Foreign: BABY HALL; Games: CANDLES GRAPES, FEATHERS METAL, HAUNTING PIANIST"
"90"	"SEAN"	"GUINESS"	"Action: DARN FORRESTER, FANTASY TROOPERS, LUST LOCK, MOCKINGBIRD HOLLYWOOD, STAGECOACH ARMAGEDDON; Animation: FORRESTER COMANCHEROS, HORN WORKING, TELEMARK HEARTBREAKERS, TRACY CIDER; Classics: OCTOBER SUBMARINE, PATIENT SISTER; Comedy: GROUNDHOG UNCUT, LONELY ELEPHANT, SUBMARINE BED; Documentary: STREAK RIDGEMONT, UNITED PILOT; Drama: SCO"
"91"	"CHRISTOPHER"	"BERRY"	"Action: LAWRENCE LOVE, WOMEN DORADO; Animation: STORM HAPPINESS, SUGAR WONKA; Children: BACKLASH UNDEFEATED, LANGUAGE COWBOY, MURDER ANTITRUST; Classics: CREEPERS KANE, JEEPERS WEDDING; Comedy: FREEDOM CLEOPATRA; Family: SPINAL ROCKY; Foreign: HIGHBALL POTTER, KANE EXORCIST; Games: ICE CROSSING, SLEUTH ORIENT, VIDEOTAPE ARSENIC; Horror: AL"
"92"	"KIRSTEN"	"AKROYD"	"Action: DEVIL DESIRE, SKY MIRACLE, SPEAKEASY DATE, STAGECOACH ARMAGEDDON, WORST BANGER; Animation: ISHTAR ROCKETEER, MASSAGE IMAGE; Children: LABYRINTH LEAGUE, MAGIC MALLRATS, MAKER GABLES, TIES HUNGER; Classics: LEAGUE HELLFIGHTERS; Comedy: HURRICANE AFFAIR, MEMENTO ZOOLANDER; Documentary: RAIDERS ANTITRUST; Drama: NECKLACE OUTBREAK, PATH"
"93"	"ELLEN"	"PRESLEY"	"Action: WOMEN DORADO; Animation: FLOATS GARDEN, OSCAR GOLD, TURN STAR; Children: CASPER DRAGONFLY, EMPIRE MALKOVICH, MICROCOSMOS PARADISE, SCARFACE BANG; Classics: HYDE DOCTOR, ROOTS REMEMBER, TADPOLE PARK; Comedy: PINOCCHIO SIMON; Documentary: HOMEWARD CIDER; Drama: JACKET FRISCO; Family: BILKO ANONYMOUS, NETWORK PEAK; Games: PRIVATE DROP"
"94"	"KENNETH"	"TORN"	"Animation: CROSSROADS CASUALTIES, HARPER DYING; Children: GHOST GROUNDHOG; Classics: BEAST HUNCHBACK, DETECTIVE VISION, LEAGUE HELLFIGHTERS, MAGNIFICENT CHITTY, VOLUME HOUSE; Documentary: DANCING FEVER, INDEPENDENCE HOTEL, RAIDERS ANTITRUST, RAINBOW SHOCK, SHIP WONDERLAND; Drama: JACKET FRISCO, LIES TREATMENT, SEATTLE EXPECATIONS; Family: "
"95"	"DARYL"	"WAHLBERG"	"Action: CASUALTIES ENCINO, FORREST SONS, GRAIL FRANKENSTEIN, RUGRATS SHAKESPEARE; Animation: DOUBLE WRATH, POND SEATTLE; Children: HOLOCAUST HIGHBALL; Classics: SPIKING ELEMENT; Comedy: LIFE TWISTED; Documentary: NORTH TEQUILA, STREAK RIDGEMONT; Drama: UNFAITHFUL KILL; Family: KILLER INNOCENT; Foreign: BABY HALL, BALLROOM MOCKINGBIRD, DANG"
"96"	"GENE"	"WILLIS"	"Action: WEREWOLF LOLA; Animation: ARGONAUTS TOWN, CHAMPION FLATLINERS, HOOK CHARIOTS; Children: BENEATH RUSH; Classics: TADPOLE PARK; Documentary: ARMY FLINTSTONES, BEACH HEARTBREAKERS, VIRGINIAN PLUTO; Drama: DARKNESS WAR; Family: SECRETS PARADISE, SPLASH GUMP; Foreign: ILLUSION AMELIE, JET NEIGHBORS, PAST SUICIDES; Horror: AIRPORT POLLOC"
"97"	"MEG"	"HAWKE"	"Children: GORGEOUS BINGO, MAKER GABLES, SABRINA MIDNIGHT; Classics: GILMORE BOILED, SUMMER SCARFACE, VOYAGE LEGALLY; Comedy: CRAZY HOME; Documentary: INTOLERABLE INTENTIONS, SAGEBRUSH CLUELESS; Drama: CHILL LUCK, REUNION WITCHES; Family: GANDHI KWAI, HOUSE DYNAMITE; Foreign: ORANGE GRAPES, VISION TORQUE; New: MASK PEACH, VAMPIRE WHALE; Sci"
"98"	"CHRIS"	"BRIDGES"	"Action: CROW GREASE, DARN FORRESTER; Children: BENEATH RUSH, WALLS ARTIST; Classics: EXTRAORDINARY CONQUERER, REQUIEM TYCOON; Comedy: SATURN NAME; Documentary: BILL OTHERS, ROAD ROXANNE; Drama: BUNCH MINDS; Family: CONVERSATION DOWNHILL, ODDS BOOGIE, RAGE GAMES, SPARTACUS CHEAPER, SPINAL ROCKY; Foreign: MUPPET MILE, PURPLE MOVIE, ROCKETEER"
"99"	"JIM"	"MOSTEL"	"Action: DRAGON SQUAD, WOMEN DORADO; Animation: FLOATS GARDEN; Classics: LEAGUE HELLFIGHTERS; Comedy: AIRPLANE SIERRA, PERFECT GROOVE, WISDOM WORKER; Documentary: NEWSIES STORY; Drama: NECKLACE OUTBREAK; Foreign: HELLFIGHTERS SIERRA, RESERVOIR ADAPTATION; Games: GRINCH MASSAGE, SPY MILE; Horror: JAPANESE RUN, MOTIONS DETAILS; Music: LUCKY F"
"100"	"SPENCER"	"DEPP"	"Action: DRAGON SQUAD, STORY SIDE, WORST BANGER; Animation: CANYON STOCK; Classics: SNATCHERS MONTEZUMA; Documentary: WRATH MILE; Drama: VIRGIN DAISY, WITCHES PANIC; Foreign: HELLFIGHTERS SIERRA; Games: MASSACRE USUAL, TYCOON GATHERING; Horror: TREASURE COMMAND; Music: ALONE TRIP, HEAVENLY GUN, REBEL AIRPORT, TAXI KICK; New: SALUTE APOLLO, "
"101"	"SUSAN"	"DAVIS"	"Action: DRAGON SQUAD, LAWRENCE LOVE; Children: BENEATH RUSH, JUMPING WRATH, MURDER ANTITRUST, UPTOWN YOUNG; Classics: BEAST HUNCHBACK, SPIKING ELEMENT; Comedy: MEMENTO ZOOLANDER, SEARCHERS WAIT, VALLEY PACKER, WISDOM WORKER; Documentary: BONNIE HOLOCAUST; Drama: CHITTY LOCK, PATHS CONTROL, SAINTS BRIDE; Family: NATURAL STOCK, PRIX UNDEFEAT"
"102"	"WALTER"	"TORN"	"Action: CROW GREASE, DANCES NONE, FORREST SONS, SKY MIRACLE; Animation: EARLY HOME, FLYING HOOK; Children: CASPER DRAGONFLY, JERSEY SASSY, STRANGELOVE DESIRE; Classics: ROOTS REMEMBER, SPIKING ELEMENT; Comedy: LONELY ELEPHANT, STAGE WORLD; Documentary: MADISON TRAP, RAIDERS ANTITRUST; Drama: HOBBIT ALIEN, LIES TREATMENT, REUNION WITCHES, W"
"103"	"MATTHEW"	"LEIGH"	"Action: CELEBRITY HORN, EASY GLADIATOR, FIREHOUSE VIETNAM, GLASS DYING; Animation: CANYON STOCK, POTLUCK MIXED; Children: GIANT TROOPERS, ROBBERS JOON; Classics: TOMORROW HUSTLER; Documentary: CUPBOARD SINNERS, DANCING FEVER, DELIVERANCE MULHOLLAND; Drama: MOB DUFFEL, ORIENT CLOSER, VIETNAM SMOOCHY; Family: AFRICAN EGG, FINDING ANACONDA, H"
"104"	"PENELOPE"	"CRONYN"	"Action: AMADEUS HOLY, ENTRAPMENT SATISFACTION; Animation: BIKINI BORROWERS, DUCK RACER, MISSION ZOOLANDER, TITANIC BOONDOCK; Children: BEAR GRACELAND, ZOOLANDER FICTION; Classics: CORE SUIT; Comedy: PARADISE SABRINA; Documentary: ARMY FLINTSTONES, CLERKS ANGELS, UNTOUCHABLES SUNRISE, VIRGINIAN PLUTO; Drama: HAROLD FRENCH, ROCKY WAR; Family"
"105"	"SIDNEY"	"CROWE"	"Action: AMERICAN CIRCUS, ANTITRUST TOMATOES, LORD ARIZONA, TRUMAN CRAZY; Animation: DOGMA FAMILY, OZ LIAISONS; Children: EMPIRE MALKOVICH, SUNDANCE INVASION, WRONG BEHAVIOR; Classics: CANDIDATE PERDITION; Comedy: SUBMARINE BED, TRAMP OTHERS; Drama: TREATMENT JEKYLL; Family: FINDING ANACONDA, GREASE YOUTH, SIEGE MADRE; Foreign: ALIEN CENTER"
"106"	"GROUCHO"	"DUNST"	"Action: CASUALTIES ENCINO, CROW GREASE, DEVIL DESIRE, PARK CITIZEN; Animation: DONNIE ALLEY; Children: LABYRINTH LEAGUE; Classics: COLOR PHILADELPHIA, IRON MOON; Comedy: GOLD RIVER, SUBMARINE BED; Documentary: INDEPENDENCE HOTEL, POCUS PULP; Drama: DALMATIONS SWEDEN, HUNCHBACK IMPOSSIBLE, MOB DUFFEL; Family: BLUES INSTINCT, GABLES METROPOL"
"107"	"GINA"	"DEGENERES"	"Action: CLUELESS BUCKET, EXCITEMENT EVE, MIDNIGHT WESTWARD; Animation: DOGMA FAMILY, HOOK CHARIOTS, STORM HAPPINESS, SUGAR WONKA; Children: HALL CASSIDY, HEARTBREAKERS BRIGHT; Classics: HYDE DOCTOR, MAGNIFICENT CHITTY; Comedy: GUNFIGHT MOON, SEARCHERS WAIT, TRAINSPOTTING STRANGERS; Documentary: BED HIGHBALL, METAL ARMAGEDDON, WIFE TURN; Dr"
"108"	"WARREN"	"NOLTE"	"Animation: DARES PLUTO, POTTER CONNECTICUT, PRIDE ALAMO, THIEF PELICAN, TITANIC BOONDOCK; Classics: PAJAMA JAWBREAKER, ROOTS REMEMBER; Comedy: DOOM DANCING; Documentary: ACADEMY DINOSAUR, DEEP CRUSADE, WEDDING APOLLO; Drama: GREEDY ROOTS, WARDROBE PHANTOM; Foreign: AGENT TRUMAN, MEET CHOCOLATE; Games: FANTASIA PARK, LADYBUGS ARMAGEDDON; Ho"
"109"	"SYLVESTER"	"DERN"	"Action: RINGS HEARTBREAKERS; Animation: DOORS PRESIDENT; Children: BACKLASH UNDEFEATED, CLOCKWORK PARADISE, SHEPHERD MIDSUMMER, WALLS ARTIST; Classics: CREEPERS KANE, PREJUDICE OLEANDER; Comedy: PARADISE SABRINA; Documentary: HALLOWEEN NUTS, NEWSIES STORY; Family: PRIX UNDEFEATED, RUSH GOODFELLAS; Games: ENCINO ELF; Horror: TEXAS WATCH; Mu"
"110"	"SUSAN"	"DAVIS"	"Action: CASUALTIES ENCINO, EXCITEMENT EVE, GLASS DYING; Children: FULL FLATLINERS, SISTER FREDDY; Classics: LOATHING LEGALLY; Documentary: BED HIGHBALL, CLERKS ANGELS, PACIFIC AMISTAD; Drama: LUCK OPUS; Foreign: HOTEL HAPPINESS, MADNESS ATTACKS, WASH HEAVENLY; Horror: AIRPORT POLLOCK; Music: WORDS HUNTER; Sci-Fi: GOODFELLAS SALUTE, NONE SP"
"111"	"CAMERON"	"ZELLWEGER"	"Action: CLUELESS BUCKET, CROW GREASE, RINGS HEARTBREAKERS; Animation: BLACKOUT PRIVATE, FLOATS GARDEN, JUGGLER HARDLY; Children: MURDER ANTITRUST; Classics: RIGHT CRANES, ROOTS REMEMBER, WASTELAND DIVINE; Comedy: MALLRATS UNITED, PINOCCHIO SIMON; Documentary: HAWK CHILL, WIFE TURN; Drama: BEAUTY GREASE, BRIGHT ENCOUNTERS, CONQUERER NUTS, H"
"112"	"RUSSELL"	"BACALL"	"Action: SUSPECTS QUILLS; Animation: SUNRISE LEAGUE; Children: IDOLS SNATCHERS; Classics: ARIZONA BANG; Comedy: CRAZY HOME, HURRICANE AFFAIR; Drama: CONFESSIONS MAGUIRE, PAYCHECK WAIT, REUNION WITCHES, SEA VIRGIN; Family: DINOSAUR SECRETARY, MOVIE SHAKESPEARE, PRIX UNDEFEATED, SPINAL ROCKY; Foreign: MATRIX SNOWMAN; Games: PANKY SUBMARINE; H"
"113"	"MORGAN"	"HOPKINS"	"Action: EXCITEMENT EVE, RINGS HEARTBREAKERS, RUGRATS SHAKESPEARE, STAGECOACH ARMAGEDDON; Classics: CANDIDATE PERDITION, DRACULA CRYSTAL, LOATHING LEGALLY; Comedy: PINOCCHIO SIMON; Drama: DECEIVER BETRAYED, HARRY IDAHO, WEST LION; Family: PRIX UNDEFEATED; Foreign: GENTLEMEN STAGE, PET HAUNTING, RESERVOIR ADAPTATION; Horror: ARACHNOPHOBIA RO"
"114"	"MORGAN"	"MCDORMAND"	"Action: CLUELESS BUCKET, CROW GREASE, DARKO DORADO; Children: BETRAYED REAR, WRONG BEHAVIOR; Classics: HOLY TADPOLE; Comedy: CRAZY HOME; Documentary: SAGEBRUSH CLUELESS; Drama: SPICE SORORITY; Family: SUNSET RACER; Foreign: ILLUSION AMELIE, WASH HEAVENLY; Games: SLEUTH ORIENT, SUIT WALLS; Horror: ALI FOREVER; New: BOULEVARD MOB, FATAL HAUN"
"115"	"HARRISON"	"BALE"	"Animation: DOUBLE WRATH, NASH CHOCOLAT, PUNK DIVORCE, THIEF PELICAN; Children: WALLS ARTIST; Comedy: RUSHMORE MERMAID; Documentary: WAGON JAWS, WEDDING APOLLO; Drama: GREEDY ROOTS; Family: HALF OUTFIELD, HOMICIDE PEACH; Foreign: BALLROOM MOCKINGBIRD, DOUBTFIRE LABYRINTH, LOSE INCH, MUPPET MILE, PAST SUICIDES; Games: FANTASIA PARK; Horror: "
"116"	"DAN"	"STREEP"	"Action: BULL SHAWSHANK; Animation: ARGONAUTS TOWN; Children: BACKLASH UNDEFEATED; Comedy: VERTIGO NORTHWEST; Documentary: FRENCH HOLIDAY, HEAVYWEIGHTS BEAST, NEWSIES STORY; Foreign: CATCH AMISTAD, MIXED DOORS; Games: ROOF CHAMPION, WANDA CHAMBER; Horror: PANIC CLUB; Music: GROSSE WONDERFUL, OUTFIELD MASSACRE; New: BOULEVARD MOB, JEKYLL FRO"
"117"	"RENEE"	"TRACY"	"Action: HANDICAP BOONDOCK, QUEST MUSSOLINI; Animation: THIEF PELICAN; Children: HOLLYWOOD ANONYMOUS, INVASION CYCLONE, SUNDANCE INVASION; Classics: CREEPERS KANE, HOPE TOOTSIE, MILLION ACE; Comedy: CONNECTION MICROCOSMOS; Documentary: SMOKING BARBARELLA, UNTOUCHABLES SUNRISE; Drama: ROCKY WAR; Family: EFFECT GLADIATOR, MAGUIRE APACHE, RAGE"
"118"	"CUBA"	"ALLEN"	"Children: MAKER GABLES, ROBBERS JOON, STRANGELOVE DESIRE; Comedy: VELVET TERMINATOR; Documentary: SHIP WONDERLAND; Drama: WEST LION; Family: KING EVOLUTION, PRESIDENT BANG; Foreign: FICTION CHRISTMAS, HAPPINESS UNITED, ORANGE GRAPES, WAR NOTTING; Games: CHICAGO NORTH; Horror: ARACHNOPHOBIA ROLLERCOASTER; Music: GROSSE WONDERFUL; New: CHAPL"
"119"	"WARREN"	"JACKMAN"	"Action: AMERICAN CIRCUS, SKY MIRACLE; Animation: OZ LIAISONS, POTTER CONNECTICUT; Children: LANGUAGE COWBOY, SHEPHERD MIDSUMMER; Comedy: SUBMARINE BED, VERTIGO NORTHWEST; Documentary: HEAVYWEIGHTS BEAST, SHIP WONDERLAND; Drama: BEETHOVEN EXORCIST, CHILL LUCK, CONEHEADS SMOOCHY, CONFESSIONS MAGUIRE, HOBBIT ALIEN, LIES TREATMENT; Foreign: ME"
"120"	"PENELOPE"	"MONROE"	"Action: PARK CITIZEN, REAR TRADING, TRIP NEWTON; Animation: DARES PLUTO, JUGGLER HARDLY; Children: CHRISTMAS MOONSHINE, DOCTOR GRAIL, HOLOCAUST HIGHBALL; Family: BEDAZZLED MARRIED, DINOSAUR SECRETARY, PITTSBURGH HUNCHBACK, RANGE MOONWALKER; Foreign: HELLFIGHTERS SIERRA, ORANGE GRAPES; Games: ROUGE SQUAD; Horror: REEF SALUTE, SPIRIT FLINTST"
"121"	"LIZA"	"BERGMAN"	"Animation: CLASH FREDDY; Classics: EXTRAORDINARY CONQUERER, OCTOBER SUBMARINE; Documentary: WEDDING APOLLO; Drama: CRAFT OUTFIELD, PAYCHECK WAIT, SCORPION APOLLO; Family: JEDI BENEATH, SENSIBILITY REAR; Foreign: COMMAND DARLING, CRYSTAL BREAKING, GENTLEMEN STAGE; Games: CHICAGO NORTH, PANKY SUBMARINE; Horror: DESERT POSEIDON, PARIS WEEKEND"
"122"	"SALMA"	"NOLTE"	"Action: ANTITRUST TOMATOES, LUST LOCK; Animation: FALCON VOLUME, ISHTAR ROCKETEER, JUGGLER HARDLY, OZ LIAISONS; Children: CLOCKWORK PARADISE, DOCTOR GRAIL, JUMPING WRATH; Classics: COLOR PHILADELPHIA; Family: BLUES INSTINCT, SIEGE MADRE; Foreign: WAR NOTTING, WASH HEAVENLY; Games: DETAILS PACKER, PANKY SUBMARINE; Horror: ZHIVAGO CORE; Musi"
"123"	"JULIANNE"	"DENCH"	"Action: BERETS AGENT, BULL SHAWSHANK, LORD ARIZONA; Animation: DESIRE ALIEN, DOUBLE WRATH, TITANIC BOONDOCK; Children: SHEPHERD MIDSUMMER; Classics: DYNAMITE TARZAN, JEEPERS WEDDING, REQUIEM TYCOON; Documentary: ADAPTATION HOLES, MIGHTY LUCK, MODERN DORADO, UNTOUCHABLES SUNRISE; Family: ATLANTIS CAUSE, HUNTING MUSKETEERS, JEDI BENEATH; For"
"124"	"SCARLETT"	"BENING"	"Children: FULL FLATLINERS, INVASION CYCLONE; Classics: CREEPERS KANE; Comedy: SNATCH SLIPPER, SUBMARINE BED; Drama: BEETHOVEN EXORCIST, LUCK OPUS, SEATTLE EXPECATIONS, TENENBAUMS COMMAND; Foreign: DOUBTFIRE LABYRINTH, RESERVOIR ADAPTATION; Games: BULWORTH COMMANDMENTS, FEATHERS METAL, ROOF CHAMPION; Music: WORDS HUNTER, YOUTH KICK; New: AM"
"125"	"ALBERT"	"NOLTE"	"Action: DRAGON SQUAD, HANDICAP BOONDOCK, PATRIOT ROMAN; Children: DOCTOR GRAIL, IDOLS SNATCHERS; Comedy: CRAZY HOME, FLINTSTONES HAPPINESS, MEMENTO ZOOLANDER; Documentary: BED HIGHBALL, KILL BROTHERHOOD; Drama: BRIGHT ENCOUNTERS, DALMATIONS SWEDEN, PITY BOUND; Family: CONFUSED CANDLES, HOMICIDE PEACH, MANCHURIAN CURTAIN, RAGE GAMES; Foreig"
"126"	"FRANCES"	"TOMEI"	"Action: AMERICAN CIRCUS, CROW GREASE; Animation: CROSSROADS CASUALTIES; Children: GORGEOUS BINGO, INVASION CYCLONE; Classics: IRON MOON; Comedy: FIREBALL PHILADELPHIA; Documentary: BEACH HEARTBREAKERS, BONNIE HOLOCAUST, CUPBOARD SINNERS; Family: ATLANTIS CAUSE, HOCUS FRIDA; Foreign: MADNESS ATTACKS; Horror: ARABIA DOGMA; New: BREAKING HOME"
"127"	"KEVIN"	"GARLAND"	"Action: TRIP NEWTON; Animation: ARGONAUTS TOWN, WAIT CIDER; Children: BACKLASH UNDEFEATED, CLOCKWORK PARADISE, GHOST GROUNDHOG, MAKER GABLES, MICROCOSMOS PARADISE; Classics: WESTWARD SEABISCUIT; Comedy: CAPER MOTIONS, DADDY PITTSBURGH, GUNFIGHT MOON, MYSTIC TRUMAN; Documentary: SHOW LORD; Drama: BLADE POLISH, GOLDFINGER SENSIBILITY, SCORPI"
"128"	"CATE"	"MCQUEEN"	"Action: DARN FORRESTER; Animation: FLYING HOOK, MASSAGE IMAGE, POTTER CONNECTICUT, PRIDE ALAMO; Children: COMANCHEROS ENEMY, DOCTOR GRAIL, JERSEY SASSY; Classics: TOWERS HURRICANE; Comedy: CAPER MOTIONS, SEARCHERS WAIT, SNATCH SLIPPER; Documentary: FRENCH HOLIDAY, HAWK CHILL, PACIFIC AMISTAD; Drama: VIRGIN DAISY; Family: BLOOD ARGONAUTS, G"
"129"	"DARYL"	"CRAWFORD"	"Action: BAREFOOT MANCHURIAN; Animation: BORROWERS BEDAZZLED, SLEEPLESS MONSOON; Classics: COLOR PHILADELPHIA, DRACULA CRYSTAL, ISLAND EXORCIST, WASTELAND DIVINE; Comedy: DADDY PITTSBURGH, DOWNHILL ENOUGH, STRICTLY SCARFACE, VELVET TERMINATOR; Documentary: BROTHERHOOD BLANKET, SPOILERS HELLFIGHTERS; Drama: DIARY PANIC, HOBBIT ALIEN, TREATME"
"130"	"GRETA"	"KEITEL"	"Action: GRAIL FRANKENSTEIN, MAGNOLIA FORRESTER, SUSPECTS QUILLS; Animation: DARES PLUTO, FLYING HOOK; Classics: ARIZONA BANG, LOATHING LEGALLY, REQUIEM TYCOON; Comedy: JAWS HARRY; Drama: BUNCH MINDS; Family: ATLANTIS CAUSE; Foreign: CALENDAR GUNFIGHT, HIGHBALL POTTER, HOOSIERS BIRDCAGE, ILLUSION AMELIE; Games: LADYBUGS ARMAGEDDON; Horror: "
"131"	"JANE"	"JACKMAN"	"Animation: POTTER CONNECTICUT; Children: BACKLASH UNDEFEATED, BENEATH RUSH, IDOLS SNATCHERS, LEGALLY SECRETARY; Classics: HOPE TOOTSIE; Documentary: DANCING FEVER, RAINBOW SHOCK; Drama: LUCK OPUS; Family: BRAVEHEART HUMAN, CHOCOLAT HARRY, JEDI BENEATH; Foreign: SCISSORHANDS SLUMS; Horror: KARATE MOON, TEMPLE ATTRACTION; Music: OUTFIELD MAS"
"132"	"ADAM"	"HOPPER"	"Action: CLUELESS BUCKET, MOCKINGBIRD HOLLYWOOD; Children: NOON PAPI; Classics: TOWERS HURRICANE; Comedy: HEAVEN FREEDOM, SADDLE ANTITRUST; Documentary: CLERKS ANGELS, PRINCESS GIANT; Drama: TORQUE BOUND; Family: BLOOD ARGONAUTS, GABLES METROPOLIS, GREASE YOUTH; Foreign: FICTION CHRISTMAS; Horror: TRAIN BUNCH; Music: CHAMBER ITALIAN, MASKED"
"133"	"RICHARD"	"PENN"	"Action: DARKO DORADO, MONTEZUMA COMMAND; Children: EMPIRE MALKOVICH, MODEL FISH; Classics: PAJAMA JAWBREAKER; Comedy: AIRPLANE SIERRA, GROUNDHOG UNCUT, HEAVEN FREEDOM; Documentary: WAGON JAWS; Drama: CONEHEADS SMOOCHY, GONE TROUBLE, LEBOWSKI SOLDIERS, TENENBAUMS COMMAND; Family: RESURRECTION SILVERADO; Foreign: ILLUSION AMELIE; Horror: GAS"
"134"	"GENE"	"HOPKINS"	"Action: DRAGON SQUAD, TRUMAN CRAZY, UPRISING UPTOWN; Animation: DOORS PRESIDENT, POND SEATTLE; Children: MODEL FISH, TOOTSIE PILOT; Classics: FROST HEAD; Comedy: HEDWIG ALTER; Documentary: DEEP CRUSADE; Drama: PITY BOUND, TORQUE BOUND; Family: CHISUM BEHAVIOR; Games: NIGHTMARE CHILL, SUIT WALLS; Music: CLUE GRAIL, ELF MURDER, VANISHING ROC"
"135"	"RITA"	"REYNOLDS"	"Animation: LUKE MUMMY; Children: MAKER GABLES; Classics: GILBERT PELICAN, JERK PAYCHECK; Comedy: SNATCH SLIPPER, TRAINSPOTTING STRANGERS; Documentary: NATIONAL STORY; Family: EARRING INSTINCT, INDIAN LOVE; Foreign: COMMAND DARLING, GENTLEMEN STAGE, IMPOSSIBLE PREJUDICE; Horror: ARACHNOPHOBIA ROLLERCOASTER, BEHAVIOR RUNAWAY; New: FLAMINGOS "
"136"	"ED"	"MANSFIELD"	"Action: BAREFOOT MANCHURIAN, DEVIL DESIRE, EASY GLADIATOR, LUST LOCK; Animation: CROSSROADS CASUALTIES, DOORS PRESIDENT, FALCON VOLUME, OZ LIAISONS; Children: DAUGHTER MADIGAN, JERSEY SASSY, WRONG BEHAVIOR; Classics: SLING LUKE; Documentary: MAJESTIC FLOATS; Drama: APOLLO TEEN, BEAUTY GREASE, HAROLD FRENCH, SOMETHING DUCK; Family: DUMBO LU"
"137"	"MORGAN"	"WILLIAMS"	"Action: BAREFOOT MANCHURIAN, LORD ARIZONA; Animation: CLUB GRAFFITI, EARLY HOME, HORN WORKING, JUGGLER HARDLY, MASSAGE IMAGE, PUNK DIVORCE; Children: FARGO GANDHI, POLISH BROOKLYN; Classics: ALICE FANTASIA, DRACULA CRYSTAL; Comedy: HEAVEN FREEDOM; Drama: SAINTS BRIDE; Family: MOVIE SHAKESPEARE, MUSIC BOONDOCK, SPLASH GUMP; Foreign: AGENT T"
"138"	"LUCILLE"	"DEE"	"Animation: MISSION ZOOLANDER; Children: CLOCKWORK PARADISE, DAUGHTER MADIGAN, MAKER GABLES; Classics: WESTWARD SEABISCUIT; Documentary: NORTH TEQUILA; Drama: BEAUTY GREASE, HARRY IDAHO, UNFAITHFUL KILL; Family: OPPOSITE NECKLACE, PRESIDENT BANG; Foreign: BALLROOM MOCKINGBIRD, GRAPES FURY; Games: LAMBS CINCINATTI, ROXANNE REBEL; Horror: AIR"
"139"	"EWAN"	"GOODING"	"Action: DEVIL DESIRE; Animation: JUGGLER HARDLY, TITANIC BOONDOCK; Children: GRADUATE LORD; Classics: DYNAMITE TARZAN, ROOTS REMEMBER, SUMMER SCARFACE; Comedy: LONELY ELEPHANT; Documentary: DUFFEL APOCALYPSE; Drama: BUNCH MINDS, ENCOUNTERS CURTAIN, QUEEN LUKE; Family: DUMBO LUST; Foreign: COMMAND DARLING, MULHOLLAND BEAST; Games: CURTAIN V"
"140"	"WHOOPI"	"HURT"	"Animation: POTTER CONNECTICUT, SONS INTERVIEW; Children: GORGEOUS BINGO, GRADUATE LORD, LANGUAGE COWBOY, MURDER ANTITRUST, ZOOLANDER FICTION; Classics: RIGHT CRANES; Comedy: STRICTLY SCARFACE; Documentary: MIGHTY LUCK, MOD SECRETARY, PELICAN COMFORTS; Drama: UNFAITHFUL KILL; Family: KILLER INNOCENT, ROBBERY BRIGHT, SECRETS PARADISE; Foreig"
"141"	"CATE"	"HARRIS"	"Action: BERETS AGENT, HANDICAP BOONDOCK; Animation: DESIRE ALIEN, STORM HAPPINESS; Children: CROOKED FROGMEN, JUMPING WRATH, SCARFACE BANG; Classics: FROST HEAD, GILMORE BOILED, SUMMER SCARFACE; Comedy: CRAZY HOME; Documentary: MODERN DORADO, WRATH MILE; Drama: SEA VIRGIN; Family: ATLANTIS CAUSE, SPINAL ROCKY; Foreign: DANGEROUS UPTOWN, GR"
"142"	"JADA"	"RYDER"	"Action: GOSFORD DONNIE, KISSING DOLLS, SIDE ARK; Animation: ALTER VICTORY, ISHTAR ROCKETEER, SUGAR WONKA; Children: FOREVER CANDIDATE, MURDER ANTITRUST, ROBBERS JOON, ZOOLANDER FICTION; Classics: MALKOVICH PET; Comedy: TRAMP OTHERS; Documentary: CUPBOARD SINNERS, DOZEN LION, MIDSUMMER GROUNDHOG, RAIDERS ANTITRUST; Drama: BUNCH MINDS, CRAFT"
"143"	"RIVER"	"DEAN"	"Action: PARK CITIZEN; Animation: DOGMA FAMILY, POND SEATTLE; Children: JERSEY SASSY; Comedy: HATE HANDICAP, MYSTIC TRUMAN, PARTY KNOCK, PINOCCHIO SIMON, TRAMP OTHERS; Documentary: INDEPENDENCE HOTEL, KILL BROTHERHOOD, MIGHTY LUCK, POCUS PULP; Drama: BLADE POLISH, QUEEN LUKE, WARDROBE PHANTOM; Family: CONFUSED CANDLES, MOVIE SHAKESPEARE; Fo"
"144"	"ANGELA"	"WITHERSPOON"	"Action: BERETS AGENT, BULL SHAWSHANK, CELEBRITY HORN; Animation: ALTER VICTORY, WAIT CIDER; Classics: CORE SUIT, DETECTIVE VISION; Comedy: BRINGING HYSTERICAL, CAT CONEHEADS; Documentary: COAST RAINBOW, HALLOWEEN NUTS, SECRET GROUNDHOG; Drama: BLADE POLISH, EDGE KISSING, HANGING DEEP, JACKET FRISCO, KWAI HOMEWARD; Family: RUSH GOODFELLAS; "
"145"	"KIM"	"ALLEN"	"Action: PATRIOT ROMAN, RUGRATS SHAKESPEARE; Animation: CLASH FREDDY, DOORS PRESIDENT, HARPER DYING, POTLUCK MIXED, WAIT CIDER; Children: HEARTBREAKERS BRIGHT; Classics: JINGLE SAGEBRUSH; Documentary: INDEPENDENCE HOTEL, NOTORIOUS REUNION, RAINBOW SHOCK; Drama: UNFAITHFUL KILL; Family: SOUP WISDOM; Foreign: ORANGE GRAPES, PAST SUICIDES, RES"
"146"	"ALBERT"	"JOHANSSON"	"Animation: FIGHT JAWBREAKER, HARPER DYING; Children: CROOKED FROGMEN, WALLS ARTIST; Classics: LEAGUE HELLFIGHTERS, RIGHT CRANES; Comedy: HEAVEN FREEDOM, SWEDEN SHINING; Documentary: HOMEWARD CIDER, METAL ARMAGEDDON, ROAD ROXANNE, VIRGINIAN PLUTO, WEDDING APOLLO; Drama: APOLLO TEEN, DECEIVER BETRAYED, LEBOWSKI SOLDIERS, WEST LION; Foreign: "
"147"	"FAY"	"WINSLET"	"Action: FIREHOUSE VIETNAM; Animation: HARPER DYING, OZ LIAISONS; Children: POLISH BROOKLYN, SUNDANCE INVASION; Classics: CENTER DINOSAUR, FROST HEAD, MALKOVICH PET; Comedy: CONNECTION MICROCOSMOS, HEAVEN FREEDOM, HURRICANE AFFAIR; Documentary: BONNIE HOLOCAUST, EXPENDABLE STALLION, QUILLS BULL; Family: CHASING FIGHT, CHISUM BEHAVIOR; Forei"
"148"	"EMILY"	"DEE"	"Children: CHRISTMAS MOONSHINE, INVASION CYCLONE, SCARFACE BANG; Classics: OCTOBER SUBMARINE; Drama: GONE TROUBLE, SEA VIRGIN; Foreign: SHREK LICENSE; Music: CHAMBER ITALIAN, REBEL AIRPORT; New: DESTINY SATURDAY; Sci-Fi: HOLLOW JEOPARDY; Sports: ANONYMOUS HUMAN; Travel: BASIC EASY, FUGITIVE MAGUIRE"
"149"	"RUSSELL"	"TEMPLE"	"Animation: CANYON STOCK, CROSSROADS CASUALTIES; Children: GHOST GROUNDHOG, SANTA PARIS; Classics: TOWERS HURRICANE; Comedy: CLOSER BANG, CONNECTION MICROCOSMOS, CRAZY HOME, GOLD RIVER, TRAINSPOTTING STRANGERS; Documentary: BILL OTHERS, PELICAN COMFORTS, WRATH MILE; Drama: CHITTY LOCK; Family: BANG KWAI, CHASING FIGHT, INDIAN LOVE, SLUMS DU"
"150"	"JAYNE"	"NOLTE"	"Action: BULL SHAWSHANK, LUST LOCK, PRIMARY GLASS; Animation: ANACONDA CONFESSIONS, HORN WORKING, TELEMARK HEARTBREAKERS, THIEF PELICAN, TITANIC BOONDOCK, WAIT CIDER; Children: COMANCHEROS ENEMY, INVASION CYCLONE, SWEETHEARTS SUSPECTS, TIES HUNGER; Classics: CREEPERS KANE, WASTELAND DIVINE; Comedy: PERFECT GROOVE; Documentary: DANCING FEVER"
"151"	"GEOFFREY"	"HESTON"	"Action: KISSING DOLLS, MIDNIGHT WESTWARD; Animation: PUNK DIVORCE, TELEMARK HEARTBREAKERS, TITANIC BOONDOCK; Children: GORGEOUS BINGO; Classics: CENTER DINOSAUR, JEOPARDY ENCINO, TOMORROW HUSTLER; Drama: LUCK OPUS; Family: ODDS BOOGIE; Foreign: COMMAND DARLING; Games: DAZED PUNK, DIRTY ACE, GRIT CLOCKWORK; Horror: LOLA AGENT, PARIS WEEKEND"
"152"	"BEN"	"HARRIS"	"Action: FIREHOUSE VIETNAM, UPRISING UPTOWN, WATERFRONT DELIVERANCE, WEREWOLF LOLA; Animation: NASH CHOCOLAT; Children: BEAR GRACELAND, SCARFACE BANG; Classics: MILLION ACE, MUSKETEERS WAIT, TIMBERLAND SKY; Comedy: FRANKENSTEIN STRANGER, PINOCCHIO SIMON; Documentary: DOZEN LION; Family: JASON TRAP; Foreign: MUPPET MILE, PET HAUNTING, SORORI"
"153"	"MINNIE"	"KILMER"	"Action: RINGS HEARTBREAKERS; Classics: CONSPIRACY SPIRIT, JEEPERS WEDDING, LOVELY JINGLE; Comedy: HUSTLER PARTY, SADDLE ANTITRUST, VELVET TERMINATOR; Documentary: NORTH TEQUILA; Drama: BEETHOVEN EXORCIST, SAVANNAH TOWN; Family: DINOSAUR SECRETARY, JASON TRAP; Foreign: BABY HALL, JET NEIGHBORS; Games: TYCOON GATHERING; New: CHAPLIN LICENSE,"
"154"	"MERYL"	"GIBSON"	"Action: CADDYSHACK JEDI, SKY MIRACLE; Animation: CROSSROADS CASUALTIES, DARES PLUTO, FIGHT JAWBREAKER, JUGGLER HARDLY; Children: MODEL FISH; Comedy: ELEMENT FREDDY, PINOCCHIO SIMON; Documentary: EGG IGBY, PRINCESS GIANT; Drama: ENCOUNTERS CURTAIN, HANGING DEEP; Foreign: COMMAND DARLING, HAPPINESS UNITED, HOLIDAY GAMES, HUNGER ROOF, INTRIGU"
"155"	"IAN"	"TANDY"	"Action: BERETS AGENT, FANTASY TROOPERS; Animation: STORM HAPPINESS; Children: POLISH BROOKLYN, SCARFACE BANG; Classics: DRACULA CRYSTAL; Comedy: ZORRO ARK; Documentary: HAWK CHILL, HOMEWARD CIDER, SAGEBRUSH CLUELESS, WEDDING APOLLO; Drama: NOTTING SPEAKEASY; Family: GLADIATOR WESTWARD; Foreign: CATCH AMISTAD, INFORMER DOUBLE, MIXED DOORS; "
"156"	"FAY"	"WOOD"	"Animation: GANGS PRIDE; Classics: EXTRAORDINARY CONQUERER; Comedy: RUSHMORE MERMAID; Drama: GREEDY ROOTS, KWAI HOMEWARD, SEATTLE EXPECATIONS; Family: BANG KWAI, DUMBO LUST; Foreign: CRYSTAL BREAKING, INTRIGUE WORST, PURPLE MOVIE; Games: OUTBREAK DIVINE; Horror: FAMILY SWEET, MONTEREY LABYRINTH; Music: DORADO NOTTING, INSIDER ARIZONA; New: "
"157"	"GRETA"	"MALDEN"	"Action: DARKO DORADO, FANTASY TROOPERS, MIDNIGHT WESTWARD, SKY MIRACLE; Animation: FLYING HOOK, PRIDE ALAMO; Children: MICROCOSMOS PARADISE; Classics: TADPOLE PARK; Comedy: CLOSER BANG, MULAN MOON; Documentary: HARDLY ROBBERS, NATIONAL STORY, RAINBOW SHOCK, WIFE TURN; Family: CONVERSATION DOWNHILL; Foreign: GENTLEMEN STAGE, HOOSIERS BIRDCA"
"158"	"VIVIEN"	"BASINGER"	"Action: SUSPECTS QUILLS, WEREWOLF LOLA; Animation: CAROL TEXAS, DONNIE ALLEY, TELEMARK HEARTBREAKERS; Children: BENEATH RUSH, NOON PAPI, TOOTSIE PILOT; Comedy: CONNECTION MICROCOSMOS, CRAZY HOME, MALLRATS UNITED; Documentary: NATIONAL STORY, SMOKING BARBARELLA; Drama: BEETHOVEN EXORCIST, JACKET FRISCO; Family: HOUSE DYNAMITE, SPARTACUS CHE"
"159"	"LAURA"	"BRODY"	"Action: MAGNOLIA FORRESTER, SKY MIRACLE; Animation: DARES PLUTO, DESIRE ALIEN; Children: FULL FLATLINERS, FURY MURDER; Comedy: CAT CONEHEADS, PINOCCHIO SIMON, WISDOM WORKER; Documentary: DANCING FEVER, DOZEN LION; Drama: HOBBIT ALIEN, SOMETHING DUCK, TRANSLATION SUMMER; Family: BLOOD ARGONAUTS; Foreign: PET HAUNTING, SHOCK CABIN; Horror: M"
"160"	"CHRIS"	"DEPP"	"Action: MINDS TRUMAN, SIDE ARK; Children: SABRINA MIDNIGHT, TEQUILA PAST; Classics: IRON MOON, JERK PAYCHECK, VOLUME HOUSE; Comedy: DOOM DANCING, PARTY KNOCK; Drama: GONE TROUBLE; Family: ATLANTIS CAUSE; Foreign: IMPOSSIBLE PREJUDICE, SCHOOL JACKET; Horror: ACE GOLDFINGER, EGYPT TENENBAUMS; Music: ALONE TRIP, SCALAWAG DUCK; New: EAGLES PAN"
"161"	"HARVEY"	"HOPE"	"Action: SPEAKEASY DATE, STORY SIDE, UPRISING UPTOWN; Animation: BORROWERS BEDAZZLED, OSCAR GOLD, TELEMARK HEARTBREAKERS; Children: MODEL FISH; Classics: HOLY TADPOLE, IRON MOON; Comedy: CRAZY HOME, DOWNHILL ENOUGH; Documentary: BEACH HEARTBREAKERS; Drama: HAROLD FRENCH; Family: ATLANTIS CAUSE, EARRING INSTINCT; Foreign: GENTLEMEN STAGE, HE"
"162"	"OPRAH"	"KILMER"	"Action: MIDNIGHT WESTWARD, PARK CITIZEN, WEREWOLF LOLA; Animation: ALTER VICTORY, CAROL TEXAS; Children: HEARTBREAKERS BRIGHT, SHEPHERD MIDSUMMER; Comedy: AIRPLANE SIERRA, ANTHEM LUKE, HEAVEN FREEDOM; Documentary: ACADEMY DINOSAUR, BONNIE HOLOCAUST, COAST RAINBOW, EGG IGBY; Drama: APOLLO TEEN; Foreign: KISS GLORY; Horror: AFFAIR PREJUDICE,"
"163"	"CHRISTOPHER"	"WEST"	"Action: FANTASY TROOPERS; Animation: DOGMA FAMILY; Children: FARGO GANDHI, HEARTBREAKERS BRIGHT, SPLENDOR PATTON; Classics: COLOR PHILADELPHIA, CONSPIRACY SPIRIT, TIMBERLAND SKY; Comedy: HUSTLER PARTY, LIFE TWISTED; Documentary: YOUNG LANGUAGE; Foreign: VISION TORQUE; Horror: ANYTHING SAVANNAH, TEMPLE ATTRACTION; New: ATTRACTION NEWTON, EN"
"164"	"HUMPHREY"	"WILLIS"	"Action: DREAM PICKUP; Animation: ANACONDA CONFESSIONS, SONS INTERVIEW; Children: SISTER FREDDY; Classics: IRON MOON; Comedy: FLINTSTONES HAPPINESS, MYSTIC TRUMAN; Documentary: PRINCESS GIANT, SPOILERS HELLFIGHTERS; Family: MUSIC BOONDOCK, SPLASH GUMP; Foreign: ALIEN CENTER, CHOCOLATE DUCK, HOOSIERS BIRDCAGE, MADNESS ATTACKS, TRAP GUYS, WAR"
"165"	"AL"	"GARLAND"	"Action: DRIFTER COMMANDMENTS, GLASS DYING, GRAIL FRANKENSTEIN, HANDICAP BOONDOCK, PARK CITIZEN; Animation: OSCAR GOLD, POTTER CONNECTICUT; Children: SPLENDOR PATTON; Classics: WASTELAND DIVINE; Documentary: BILL OTHERS; Drama: CHITTY LOCK, DALMATIONS SWEDEN, JACKET FRISCO; Family: HOUSE DYNAMITE, SPLASH GUMP; Foreign: HOLIDAY GAMES, MUPPET"
"166"	"NICK"	"DEGENERES"	"Action: ARK RIDGEMONT; Animation: FLYING HOOK; Children: BETRAYED REAR; Classics: EXTRAORDINARY CONQUERER; Comedy: ZORRO ARK; Documentary: NEWSIES STORY, SHIP WONDERLAND; Drama: BEAUTY GREASE, CHITTY LOCK, GOLDFINGER SENSIBILITY, VIRGIN DAISY; Family: SUPER WYOMING; Foreign: PET HAUNTING; Games: FEATHERS METAL; Music: BOOGIE AMELIE, DRIVIN"
"167"	"LAURENCE"	"BULLOCK"	"Action: REAR TRADING, SIDE ARK, SKY MIRACLE; Animation: POTLUCK MIXED; Children: CROOKED FROGMEN, NOON PAPI, SUNDANCE INVASION; Classics: FROST HEAD, MALKOVICH PET; Comedy: PERFECT GROOVE; Documentary: BILL OTHERS, ROAD ROXANNE; Drama: BUNCH MINDS, TENENBAUMS COMMAND, UNFAITHFUL KILL; Family: BEDAZZLED MARRIED; Horror: SINNERS ATLANTIS, ST"
"168"	"WILL"	"WILSON"	"Action: BAREFOOT MANCHURIAN, CAMPUS REMEMBER, UPRISING UPTOWN; Animation: DARES PLUTO, DONNIE ALLEY, HORN WORKING, THEORY MERMAID, TITANIC BOONDOCK; Children: NOON PAPI, TIES HUNGER, WARLOCK WEREWOLF; Classics: CRUELTY UNFORGIVEN, PAJAMA JAWBREAKER; Comedy: CRAZY HOME; Documentary: FRENCH HOLIDAY; Games: GUN BONNIE, HUMAN GRAFFITI, SLEUTH "
"169"	"KENNETH"	"HOFFMAN"	"Animation: BLACKOUT PRIVATE, FLYING HOOK, GANGS PRIDE, MASSAGE IMAGE, STORM HAPPINESS; Children: LABYRINTH LEAGUE; Classics: PREJUDICE OLEANDER, SNATCHERS MONTEZUMA; Documentary: DOZEN LION, METAL ARMAGEDDON, WRATH MILE; Drama: TORQUE BOUND; Family: ODDS BOOGIE, RESURRECTION SILVERADO, SECRETS PARADISE; Foreign: AGENT TRUMAN, DOUBTFIRE LAB"
"170"	"MENA"	"HOPPER"	"Action: DARN FORRESTER; Animation: THEORY MERMAID; Children: WRONG BEHAVIOR; Classics: CONSPIRACY SPIRIT, CORE SUIT, GILMORE BOILED, LOVER TRUMAN; Comedy: AIRPLANE SIERRA; Documentary: UNITED PILOT, YOUNG LANGUAGE; Drama: APOLLO TEEN, SAINTS BRIDE; Family: CHASING FIGHT; Foreign: ALIEN CENTER, HIGHBALL POTTER, PURPLE MOVIE; Games: LAMBS CI"
"171"	"OLYMPIA"	"PFEIFFER"	"Action: FIREHOUSE VIETNAM, MAGNOLIA FORRESTER; Animation: STORM HAPPINESS, TITANIC BOONDOCK, WAIT CIDER; Children: IDOLS SNATCHERS, MURDER ANTITRUST, SANTA PARIS; Classics: COLOR PHILADELPHIA; Documentary: DEEP CRUSADE, INTOLERABLE INTENTIONS; Drama: CHITTY LOCK; Family: EFFECT GLADIATOR; Foreign: MAUDE MOD; Games: ICE CROSSING, MARS ROMAN"
"172"	"GROUCHO"	"WILLIAMS"	"Animation: OZ LIAISONS; Children: HOLLYWOOD ANONYMOUS, SPLENDOR PATTON, WARLOCK WEREWOLF; Classics: JINGLE SAGEBRUSH, ROOTS REMEMBER; Comedy: GROUNDHOG UNCUT, LONELY ELEPHANT; Drama: GONE TROUBLE, SAINTS BRIDE, SCORPION APOLLO; Family: GABLES METROPOLIS, OPPOSITE NECKLACE, RAGE GAMES; Foreign: BROOKLYN DESERT, CHOCOLATE DUCK, KANE EXORCIST"
"173"	"ALAN"	"DREYFUSS"	"Action: CLUELESS BUCKET; Animation: CLASH FREDDY, MASSAGE IMAGE; Children: JUMPING WRATH, POLISH BROOKLYN, STRANGELOVE DESIRE, UPTOWN YOUNG; Comedy: CRAZY HOME, LONELY ELEPHANT, STRICTLY SCARFACE; Documentary: METAL ARMAGEDDON, SAGEBRUSH CLUELESS; Drama: GREEDY ROOTS; Family: BLANKET BEVERLY, MAGUIRE APACHE, RUSH GOODFELLAS; Games: BULWORT"
"174"	"MICHAEL"	"BENING"	"Action: PARK CITIZEN, WOMEN DORADO; Children: COMANCHEROS ENEMY, STRANGELOVE DESIRE, STRANGER STRANGERS; Documentary: NEWSIES STORY; Drama: BEAUTY GREASE, NECKLACE OUTBREAK, SPICE SORORITY; Family: HUNTING MUSKETEERS, MUSIC BOONDOCK, SENSIBILITY REAR; Foreign: ALAMO VIDEOTAPE, PURPLE MOVIE; Games: GATHERING CALENDAR; Horror: REEF SALUTE, S"
"175"	"WILLIAM"	"HACKMAN"	"Action: ANTITRUST TOMATOES, BERETS AGENT; Children: CROOKED FROGMEN, HOLOCAUST HIGHBALL; Classics: CREEPERS KANE, SPIKING ELEMENT; Comedy: WISDOM WORKER; Documentary: CAUSE DATE, NATIONAL STORY; Drama: HUNCHBACK IMPOSSIBLE, SEA VIRGIN; Family: HUNTING MUSKETEERS, SECRETS PARADISE; Foreign: TRAP GUYS; Games: GLORY TRACY, JERICHO MULAN, MONS"
"176"	"JON"	"CHASE"	"Action: CLUELESS BUCKET, DREAM PICKUP, FANTASY TROOPERS, HILLS NEIGHBORS, SKY MIRACLE; Animation: BORROWERS BEDAZZLED, INSECTS STONE, SUGAR WONKA; Children: DOCTOR GRAIL, MICROCOSMOS PARADISE; Documentary: CIDER DESIRE, HUNTER ALTER; Drama: HAROLD FRENCH, LIES TREATMENT, SAINTS BRIDE, SPICE SORORITY; Family: INDIAN LOVE, VIRTUAL SPOILERS; "
"177"	"GENE"	"MCKELLEN"	"Animation: HORN WORKING, OZ LIAISONS; Comedy: CRAZY HOME, LIFE TWISTED; Drama: HAROLD FRENCH, PITY BOUND, SPICE SORORITY, TREATMENT JEKYLL; Family: CONFUSED CANDLES, INDIAN LOVE; Foreign: BALLROOM MOCKINGBIRD, RESERVOIR ADAPTATION; Games: MASSACRE USUAL, PIZZA JUMANJI, WANDA CHAMBER; Music: ALASKA PHANTOM, BOOGIE AMELIE, GO PURPLE; New: EV"
"178"	"LISA"	"MONROE"	"Action: CROW GREASE; Animation: CLUB GRAFFITI; Classics: LOVER TRUMAN, ROOTS REMEMBER; Comedy: ZORRO ARK; Documentary: COAST RAINBOW, MOD SECRETARY, QUILLS BULL; Drama: CHITTY LOCK; Family: EFFECT GLADIATOR; Foreign: FICTION CHRISTMAS; Games: JERICHO MULAN, SASSY PACKER; Horror: ANYTHING SAVANNAH, ARABIA DOGMA; Music: WON DARES; New: BUTTE"
"179"	"ED"	"GUINESS"	"Action: DRAGON SQUAD, RINGS HEARTBREAKERS; Animation: CROSSROADS CASUALTIES, JUGGLER HARDLY; Children: INVASION CYCLONE, MODEL FISH, STRANGELOVE DESIRE; Classics: CENTER DINOSAUR; Comedy: CLOSER BANG; Documentary: BONNIE HOLOCAUST, PACIFIC AMISTAD, PRINCESS GIANT, WARS PLUTO; Foreign: GENTLEMEN STAGE, MAUDE MOD, SCHOOL JACKET; Games: WIND "
"180"	"JEFF"	"SILVERSTONE"	"Action: RINGS HEARTBREAKERS, SUSPECTS QUILLS; Animation: SONS INTERVIEW, WATCH TRACY; Children: WALLS ARTIST; Classics: TADPOLE PARK; Comedy: PARADISE SABRINA; Documentary: HUNTER ALTER, NEWSIES STORY; Drama: APOLLO TEEN; Family: REMEMBER DIARY, SPARTACUS CHEAPER; Horror: DRUMS DYNAMITE, LADY STAGE; Music: ALASKA PHANTOM; New: CHINATOWN GL"
"181"	"MATTHEW"	"CARREY"	"Action: LUST LOCK, MINDS TRUMAN, TRIP NEWTON, WORST BANGER; Animation: BLACKOUT PRIVATE, INCH JET, SNOWMAN ROLLERCOASTER, TITANIC BOONDOCK; Children: CIRCUS YOUTH, HEARTBREAKERS BRIGHT; Classics: ROOTS REMEMBER, TADPOLE PARK; Comedy: LIFE TWISTED, MULAN MOON; Documentary: ARMY FLINTSTONES; Drama: HARRY IDAHO, LUCK OPUS, TRANSLATION SUMMER;"
"182"	"DEBBIE"	"AKROYD"	"Animation: CLUB GRAFFITI; Children: SUNDANCE INVASION; Classics: GALAXY SWEETHEARTS, SPIKING ELEMENT; Comedy: FLINTSTONES HAPPINESS, HEDWIG ALTER; Drama: APOLLO TEEN; Family: HALF OUTFIELD, HOUSE DYNAMITE, OPPOSITE NECKLACE, PILOT HOOSIERS, PRESIDENT BANG; Foreign: HOLIDAY GAMES, STEPMOM DREAM; Games: GLORY TRACY; Horror: FAMILY SWEET, WOR"
"183"	"RUSSELL"	"CLOSE"	"Action: STORY SIDE; Classics: SUMMER SCARFACE; Comedy: GUNFIGHT MOON; Documentary: ARMY FLINTSTONES, MIGHTY LUCK; Family: BILKO ANONYMOUS, RANGE MOONWALKER; Games: VIDEOTAPE ARSENIC, VOLCANO TEXAS; Horror: FIDELITY DEVIL, KENTUCKIAN GIANT; Music: OLEANDER CLUE, WON DARES; New: APOCALYPSE FLAMINGOS; Sci-Fi: GUYS FALCON, LICENSE WEEKEND; Spo"
"184"	"HUMPHREY"	"GARLAND"	"Action: GOSFORD DONNIE, MIDNIGHT WESTWARD; Animation: NASH CHOCOLAT; Children: WARLOCK WEREWOLF; Documentary: DELIVERANCE MULHOLLAND, FRENCH HOLIDAY, PACIFIC AMISTAD, WEDDING APOLLO; Drama: CHITTY LOCK, SEA VIRGIN, WEST LION; Family: SUPER WYOMING; Foreign: ILLUSION AMELIE, JET NEIGHBORS, KISS GLORY, OPUS ICE, PAST SUICIDES; Games: MOONWAL"
"185"	"MICHAEL"	"BOLGER"	"Action: GLASS DYING; Animation: LAWLESS VISION, TELEMARK HEARTBREAKERS; Children: SANTA PARIS; Classics: MALKOVICH PET, PREJUDICE OLEANDER; Comedy: AIRPLANE SIERRA, DYING MAKER; Documentary: HOMEWARD CIDER, METAL ARMAGEDDON, WIFE TURN; Drama: SOMETHING DUCK, TENENBAUMS COMMAND; Family: HOUSE DYNAMITE; Foreign: MIXED DOORS, STEPMOM DREAM; G"
"186"	"JULIA"	"ZELLWEGER"	"Action: MINDS TRUMAN; Animation: DARES PLUTO; Classics: DETECTIVE VISION, JEOPARDY ENCINO; Documentary: MAJESTIC FLOATS; Games: LAMBS CINCINATTI, PANKY SUBMARINE; Music: WON DARES; New: BREAKFAST GOLDFINGER, WYOMING STORM; Sci-Fi: HOLLOW JEOPARDY, OPEN AFRICAN; Sports: CRANES RESERVOIR, DIVORCE SHINING, RIDER CADDYSHACK; Travel: OUTLAW HAN"
"187"	"RENEE"	"BALL"	"Action: ANTITRUST TOMATOES, HILLS NEIGHBORS, PATRIOT ROMAN; Children: CABIN FLASH, COMANCHEROS ENEMY, GHOST GROUNDHOG, SCARFACE BANG; Classics: EXTRAORDINARY CONQUERER, MAGNIFICENT CHITTY; Comedy: CAT CONEHEADS, TRAMP OTHERS; Documentary: HUNTER ALTER; Drama: BRIGHT ENCOUNTERS, GREEDY ROOTS, UNFAITHFUL KILL; Family: KING EVOLUTION, NATURAL"
"188"	"ROCK"	"DUKAKIS"	"Action: CADDYSHACK JEDI; Animation: DESIRE ALIEN, STORM HAPPINESS; Classics: ALICE FANTASIA, SNATCHERS MONTEZUMA; Comedy: LONELY ELEPHANT, SEARCHERS WAIT; Documentary: ACADEMY DINOSAUR, DANCING FEVER, HEAVYWEIGHTS BEAST, UNITED PILOT; Drama: CHITTY LOCK, HANGING DEEP, PATHS CONTROL; Foreign: FICTION CHRISTMAS, MAUDE MOD, SCISSORHANDS SLUMS"
"189"	"CUBA"	"BIRCH"	"Action: RUGRATS SHAKESPEARE; Animation: SONS INTERVIEW; Children: LANGUAGE COWBOY, STRANGER STRANGERS, TOOTSIE PILOT; Classics: DYNAMITE TARZAN, LEAGUE HELLFIGHTERS, MAGNIFICENT CHITTY, TOWERS HURRICANE; Documentary: ROAD ROXANNE, SHIP WONDERLAND; Drama: EDGE KISSING, TENENBAUMS COMMAND; Family: ATLANTIS CAUSE, BLOOD ARGONAUTS, FINDING ANA"
"190"	"AUDREY"	"BAILEY"	"Action: ARK RIDGEMONT, DRIFTER COMMANDMENTS, MAGNOLIA FORRESTER, SKY MIRACLE; Animation: POTTER CONNECTICUT; Children: WARLOCK WEREWOLF; Classics: TADPOLE PARK; Documentary: BED HIGHBALL, QUILLS BULL; Drama: CONFESSIONS MAGUIRE; Family: PILOT HOOSIERS, PITTSBURGH HUNCHBACK, PRESIDENT BANG; Foreign: NEWTON LABYRINTH, PURPLE MOVIE; Games: FE"
"191"	"GREGORY"	"GOODING"	"Animation: INSECTS STONE, POTLUCK MIXED, STORM HAPPINESS; Children: SISTER FREDDY, WRONG BEHAVIOR; Comedy: HEAVEN FREEDOM, OPERATION OPERATION, SUBMARINE BED; Documentary: DEEP CRUSADE, MADISON TRAP, SPOILERS HELLFIGHTERS; Drama: SEATTLE EXPECATIONS, SPICE SORORITY, WARDROBE PHANTOM, WEST LION; Foreign: ALLEY EVOLUTION, COWBOY DOOM, WHALE "
"192"	"JOHN"	"SUVARI"	"Animation: ISHTAR ROCKETEER, LUKE MUMMY; Children: DAUGHTER MADIGAN, JERSEY SASSY; Classics: COLOR PHILADELPHIA, MILLION ACE; Comedy: PINOCCHIO SIMON; Documentary: NEWSIES STORY, QUILLS BULL; Drama: CONQUERER NUTS, NECKLACE OUTBREAK; Family: PITTSBURGH HUNCHBACK; Foreign: ALLEY EVOLUTION, PET HAUNTING; Games: CANDLES GRAPES, NAME DETECTIVE"
"193"	"BURT"	"TEMPLE"	"Animation: WAIT CIDER; Classics: GILMORE BOILED, SPIKING ELEMENT; Comedy: CAPER MOTIONS; Documentary: COAST RAINBOW, HEAVYWEIGHTS BEAST, SPOILERS HELLFIGHTERS, WARS PLUTO; Drama: RACER EGG; Family: BLANKET BEVERLY; Foreign: GRAPES FURY, POLLOCK DELIVERANCE; Games: CHICAGO NORTH, GATHERING CALENDAR, SLEUTH ORIENT; Music: INSIDER ARIZONA; Ne"
"194"	"MERYL"	"ALLEN"	"Action: BERETS AGENT; Children: SHEPHERD MIDSUMMER; Comedy: VELVET TERMINATOR; Drama: BRIGHT ENCOUNTERS; Family: KILLER INNOCENT; Foreign: JET NEIGHBORS, LOSE INCH, ROCKETEER MOTHER; Games: DAWN POND, DIRTY ACE, GATHERING CALENDAR; Horror: ALABAMA DEVIL, HIGH ENCINO; Music: BOOGIE AMELIE, CLUE GRAIL; New: CLYDE THEORY; Sports: ARTIST COLDB"
"195"	"JAYNE"	"SILVERSTONE"	"Action: CELEBRITY HORN, SIDE ARK, SUSPECTS QUILLS; Animation: OZ LIAISONS; Children: HALL CASSIDY; Classics: WASTELAND DIVINE; Documentary: CAUSE DATE; Drama: HARRY IDAHO, QUEEN LUKE; Family: GLADIATOR WESTWARD, LOUISIANA HARRY; Foreign: ROCKETEER MOTHER, SCHOOL JACKET; Games: CHICAGO NORTH, MARS ROMAN, SEVEN SWARM; Horror: KARATE MOON, PA"
"196"	"BELA"	"WALKEN"	"Action: FANTASY TROOPERS; Animation: LUKE MUMMY, NASH CHOCOLAT; Children: HOLLYWOOD ANONYMOUS, LEGALLY SECRETARY, SPLENDOR PATTON; Classics: JERK PAYCHECK, SNATCHERS MONTEZUMA; Comedy: ELEMENT FREDDY, FLINTSTONES HAPPINESS, LION UNCUT, STAGE WORLD, TRAMP OTHERS, VERTIGO NORTHWEST; Documentary: CLERKS ANGELS, MIDSUMMER GROUNDHOG, MIGHTY LUC"
"197"	"REESE"	"WEST"	"Action: ANTITRUST TOMATOES; Animation: DOORS PRESIDENT, TURN STAR; Children: GORGEOUS BINGO; Classics: DRACULA CRYSTAL, MALKOVICH PET, SNATCHERS MONTEZUMA, VOLUME HOUSE; Comedy: LIFE TWISTED; Documentary: CAUSE DATE, COAST RAINBOW; Drama: HOBBIT ALIEN, SAINTS BRIDE, WITCHES PANIC; Family: BEDAZZLED MARRIED, CHOCOLAT HARRY, REMEMBER DIARY; "
"198"	"MARY"	"KEITEL"	"Action: FANTASY TROOPERS, FORREST SONS, HANDICAP BOONDOCK; Animation: INTENTIONS EMPIRE, LUKE MUMMY, THEORY MERMAID, TITANIC BOONDOCK; Children: IDOLS SNATCHERS, MODEL FISH; Classics: JEOPARDY ENCINO, LOVELY JINGLE, STEEL SANTA; Comedy: MALLRATS UNITED, MEMENTO ZOOLANDER, SUBMARINE BED, SWEDEN SHINING; Documentary: ACADEMY DINOSAUR, WAGON "
"199"	"JULIA"	"FAWCETT"	"Action: BERETS AGENT; Animation: LUKE MUMMY, THEORY MERMAID, WAIT CIDER; Classics: HOPE TOOTSIE; Comedy: CLOSER BANG, MULAN MOON; Family: CHISUM BEHAVIOR; Foreign: OPUS ICE, POLLOCK DELIVERANCE; New: DAY UNFAITHFUL, RIDGEMONT SUBMARINE; Travel: BOILED DARES, SHANGHAI TYCOON, SHAWSHANK BUBBLE"
"200"	"THORA"	"TEMPLE"	"Animation: CAROL TEXAS; Children: CHRISTMAS MOONSHINE, WRONG BEHAVIOR; Classics: CANDIDATE PERDITION, GALAXY SWEETHEARTS, LOVER TRUMAN; Documentary: MADISON TRAP, VIRGINIAN PLUTO; Drama: WARDROBE PHANTOM; Family: AFRICAN EGG, BLANKET BEVERLY, HOCUS FRIDA; Music: INSIDER ARIZONA, TELEGRAPH VOYAGE; New: INTERVIEW LIAISONS, LOVERBOY ATTACKS; "
